word,pos,primary_definition_en,primary_definition_ko,mw_definition_number,sat_meaning_en,sat_meaning_ko,skills,difficulties,occurrence_count
"abound","verb","to be present in large numbers or in great quantity","많은 수나 양으로 존재하다",2,"to be filled or filled with","가득 차다","Cross-Text Connections","Hard",1
"above","preposition","in or to a higher place","더 높은 장소에",2,"in a higher position than","보다 높은 위치에","Boundaries","Easy",1
"abrupt","adjective","sudden or unexpected","갑작스러운 또는 예상치 못한",2,"marked by a lack of gradual transition","점진적 전환의 부족으로 특징지어지는","Text Structure and Purpose","Medium",1
"absence","noun","the state of being away","떠나 있는 상태",3,"the lack of someone or something","누군가 또는 무언가의 부족","Words in Context","Hard",1
"absorbed","adjective","deeply interested or involved","깊이 관심이 있거나 관련된",2,"engrossed or fully occupied","몰두하거나 완전히 차지된","Central Ideas and Details","Easy",1
"accepted","adjective","generally believed or recognized","일반적으로 믿어지거나 인정받는",2,"acknowledged as valid or correct","유효하거나 올바른 것으로 인정받는","Words in Context","Hard",1
"according","adverb","in agreement with","~에 따라",2,"as stated or reported by","~에 의해 언급된 대로","Transitions","Easy",2
"accuracy","noun","the quality or state of being correct or precise","정확하거나 정밀한 상태",2,"the degree to which a measurement or estimate is close to the true value","측정값이나 추정치가 실제 값에 가까운 정도","Words in Context","Medium",1
"acquainted","adjective","having knowledge of something","무언가에 대한 지식이 있는",2,"having met someone or having knowledge of someone","누군가를 만났거나 누군가에 대한 지식이 있는","Central Ideas and Details","Medium",1
"acquire","verb","to come into possession of","소유하게 되다",2,"to gain through effort","노력을 통해 얻다","Text Structure and Purpose","Medium",1
"acquires","verb","to get or gain something","무언가를 얻거나 획득하다",2,"to come into possession of something","무언가를 소유하게 되다","Rhetorical Synthesis","Hard",1
"across","preposition","from one side to the other","한쪽에서 다른 쪽으로",2,"in various areas or throughout","여러 지역 또는 전역에 걸쳐","Boundaries","Hard",1
"active","adjective","engaging or ready to engage in physically energetic pursuits","신체적으로 에너지를 쏟을 준비가 된",2,"having the power of movement or function","움직임이나 기능의 힘을 가진","Command of Evidence","Medium",1
"adapted","verb","to change (something) so that it functions better or is better suited for a purpose","(무언가를) 더 잘 작동하거나 목적에 더 잘 맞도록 변경하다",2,"to change in response to new conditions","새로운 조건에 반응하여 변화하다","Text Structure and Purpose","Easy",1
"address","verb","to speak to","말하다",2,"to deal with or discuss","다루다 또는 논의하다","Words in Context","Medium",1
"adopt","verb","to take up and practice or use","채택하다",3,"to take on or accept (an idea or practice)","(아이디어나 관습을) 받아들이다","Command of Evidence | Central Ideas and Details","Hard | Medium",2
"advance","noun","the act of moving forward","앞으로 나아가는 행위",2,"a forward movement or progression in time","시간의 전진 또는 진행","Boundaries","Easy",1
"Aeolian","adjective","of or relating to the wind","바람과 관련된",2,"pertaining to the action of the wind in shaping landforms","지형을 형성하는 바람의 작용과 관련된","Rhetorical Synthesis","Medium",1
"affect","verb","to have an influence on or make a change in","영향을 미치다 또는 변화를 주다",2,"to produce a change or influence in a particular situation","특정 상황에서 변화를 일으키거나 영향을 미치다","Words in Context","Hard",1
"affordability","noun","the quality of being affordable","저렴한 품질",2,"the state of being able to be paid for; financial feasibility","지불할 수 있는 상태; 재정적 실행 가능성","Central Ideas and Details","Easy",1
"aid","verb","to provide with means or opportunity","수단이나 기회를 제공하다",2,"to help or assist in achieving something","무언가를 달성하는 데 도움을 주다","Transitions","Easy",1
"allocate","verb","to divide and give out (something) for a special reason or to particular people, companies, etc.","특정한 이유나 특정 사람, 회사 등에 대해 (무언가를) 나누고 분배하다.",2,"to assign or distribute resources or responsibilities for a specific purpose","특정 목적을 위해 자원이나 책임을 할당하거나 분배하다.","Command of Evidence | Transitions","Hard | Medium",2
"allow","verb","to let happen","일어나게 하다",2,"to enable or permit","가능하게 하다 또는 허용하다","Form, Structure, and Sense","Easy",1
"also","adverb","in addition","또한",2,"as well","마찬가지로","Transitions","Easy",1
"alter","verb","to change or modify","변경하다 또는 수정하다",2,"to change or influence in a significant way","중요한 방식으로 변경하거나 영향을 미치다","Words in Context","Hard",1
"altered","verb","to change or modify","변경하다 또는 수정하다",2,"to change in character or composition, typically in a comparatively small but significant way","특히 비교적 작지만 중요한 방식으로 성격이나 구성을 변경하다","Central Ideas and Details","Easy",1
"alternate","adjective","to switch back and forth between two things","두 가지 사이를 오가다",2,"existing or occurring in place of something else","다른 것의 자리에 존재하거나 발생하는","Transitions","Easy",1
"among","preposition","in or through the midst of; in the company of","중간에; 함께",2,"in the group of","그룹 내에서","Form, Structure, and Sense","Medium",1
"ample","adjective","more than enough; plentiful","충분한; 풍부한",2,"generous or sufficient in quantity","양이 충분한 또는 관대함","Words in Context","Medium",1
"analysis","noun","a detailed examination of the elements or structure of something","무언가의 요소나 구조에 대한 자세한 조사",2,"a process of studying or examining something in detail","무언가를 자세히 연구하거나 조사하는 과정","Rhetorical Synthesis","Hard",1
"analyzes","verb","to study or determine the nature and relationship of the parts of (something) by analysis","(무엇의) 부분의 성질과 관계를 분석하여 연구하다",2,"to examine in detail for purposes of explanation and interpretation","설명을 위해 세부적으로 조사하다","Transitions","Medium",1
"analyzing","verb","to examine carefully","면밀히 조사하다",2,"to study or interpret in detail","자세히 연구하거나 해석하다","Transitions","Easy",1
"answers","verb","to speak or write in response to a question","대답하다, 응답하다",4,"to be adequate or sufficient; to fulfill a need or purpose","충족시키다, 부합하다","Words in Context","Medium",1
"anthology","noun","a collection of selected literary pieces or passages or works of art or music","선택된 문학 작품이나 구절 또는 예술 작품이나 음악의 모음",2,"a collection of various works, particularly in music","특히 음악에서 다양한 작품의 모음","Transitions","Hard",1
"appeal","noun","the power to attract or interest","끌어당기는 힘",2,"the quality of being attractive or interesting","매력적이거나 흥미로운 특성","Inferences | Boundaries","Hard | Medium",2
"appealing","adjective","attractive or interesting","매력적이거나 흥미로운",2,"having a quality that attracts or draws interest","관심을 끌거나 끌어당기는 특성을 가진","Words in Context","Medium",1
"appear","verb","to become visible or noticeable","보이기 시작하다",2,"to seem or give the impression of being","~인 것처럼 보이다","Rhetorical Synthesis","Medium",1
"appetite","noun","a desire for food","음식에 대한 욕구",2,"a strong desire or craving for something","무언가에 대한 강한 욕망 또는 갈망","Boundaries","Medium",1
"apply","verb","to put to use especially for a particular purpose","특정 목적을 위해 사용하다",2,"to put on or spread (as in makeup)","(메이크업처럼) 바르다 또는 펴다","Cross-Text Connections | Form, Structure, and Sense","Easy",2
"argue","verb","to give reasons for or against something","무엇인가에 대한 찬반 이유를 제시하다",2,"to state or assert an opinion or position","의견이나 입장을 진술하거나 주장하다","Words in Context","Medium",1
"arousal","noun","the act of awakening or stimulating","깨우거나 자극하는 행위",2,"a state of being awake or alert, especially after a period of inactivity","비활동 기간 후 깨어 있거나 경계 상태","Command of Evidence","Hard",1
"arrangement","noun","the act of arranging","배치하는 행위",2,"a way in which things are organized or set up","사물들이 조직되거나 설정되는 방식","Central Ideas and Details | Boundaries","Hard | Medium",2
"array","noun","a large group or number of things","많은 그룹이나 수의 것들",2,"a systematic arrangement of things","사물의 체계적인 배열","Central Ideas and Details","Medium",1
"art","noun","the conscious use of skill and creative imagination especially in the production of aesthetic objects","미적 객체의 생산에서 기술과 창의적 상상력의 의식적인 사용",2,"a skill acquired by experience, study, or observation","경험, 연구 또는 관찰을 통해 습득한 기술","Boundaries | Cross-Text Connections","Hard | Medium",2
"ascend","verb","to move upward","위로 이동하다",2,"to take on or assume (a position or role)","(지위나 역할을) 맡다","Form, Structure, and Sense","Medium",1
"ascribe","verb","to credit or assign, as to a cause or source","원인이나 출처로서 신용하거나 할당하다",2,"to attribute something to a particular source or cause","특정 출처나 원인에 어떤 것을 귀속시키다","Inferences","Hard",1
"assemble","verb","to put or bring together","모으다 또는 함께 가져오다",2,"to fit together the parts of something","무언가의 부품을 맞추다","Form, Structure, and Sense","Hard",1
"assert","verb","to state or express firmly","확고히 말하다 또는 표현하다",2,"to state a claim or right","주장이나 권리를 주장하다","Words in Context","Hard",1
"assess","verb","to determine the importance, size, or value of something","무언가의 중요성, 크기 또는 가치를 결정하다",2,"to evaluate or estimate the nature, ability, or quality of something","무언가의 본질, 능력 또는 품질을 평가하거나 추정하다","Words in Context","Hard",1
"associated","verb","to connect (someone or something) with something else","(누군가 또는 무언가를) 다른 것과 연결하다",2,"to have a connection or relationship with something","무언가와 연결되거나 관계가 있다","Central Ideas and Details","Medium",1
"assume","verb","to take for granted or without proof","증명 없이 당연하게 여기다",2,"to suppose something is true without evidence","증거 없이 어떤 것이 사실이라고 가정하다","Words in Context | Transitions | Central Ideas and Details","Hard",3
"assumed","verb","to take for granted or without proof","증명 없이 당연하게 여기다",2,"to suppose to be the case, without proof","증명 없이 사실이라고 가정하다","Transitions | Command of Evidence","Medium",2
"attach","verb","to fasten or join one thing to another","하나의 것을 다른 것에 고정하거나 결합하다",2,"to connect or join (as in a device or equipment)","장치나 장비를 연결하거나 결합하다","Transitions | Form, Structure, and Sense","Easy",2
"attest","verb","to affirm to be true or genuine","진실하거나 진품이라고 확인하다",2,"to provide or serve as clear evidence","명확한 증거를 제공하거나 역할을 하다","Boundaries","Medium",1
"attract","verb","to draw by appeal to natural or excited interest, emotion, or aesthetic sense","자연적이거나 흥미, 감정, 미적 감각에 대한 호소로 끌어당기다",2,"to draw or pull towards oneself","자신 쪽으로 끌어당기다","Command of Evidence","Medium",1
"attracted","verb","to cause (someone) to have a liking for or interest in something","(누군가가) 무언가에 대한 호감이나 관심을 갖게 하다",2,"to draw or pull toward oneself","자신 쪽으로 끌어당기다","Command of Evidence","Hard",1
"attribute","verb","to regard as resulting from a specified cause","특정 원인으로 발생한 것으로 간주하다",2,"to assign or credit to a source","출처에 할당하거나 신용을 주다","Words in Context","Hard",1
"attributed","verb","to regard as resulting from a specified cause","특정 원인에서 발생한 것으로 간주하다",2,"to explain or assign a cause or reason to something","무언가에 원인이나 이유를 설명하거나 할당하다","Inferences","Medium",1
"audience","noun","the people who watch or listen to a performance","공연을 보거나 듣는 사람들",2,"a group of people who are present at a performance","공연에 참석한 사람들","Boundaries","Hard",1
"averse","adjective","having a strong dislike or opposition to something","무언가에 대한 강한 반감이나 반대를 가진",2,"having a strong feeling of opposition or distaste","반대나 혐오의 강한 감정을 가진","Central Ideas and Details","Hard",1
"back","noun","the rear surface of the human body","인체의 뒷면",2,"the part of something that is opposite the front","무언가의 앞쪽과 반대편에 있는 부분","Form, Structure, and Sense","Hard",1
"backup","noun","a person or thing that can be called on to help or replace another","도움이나 대체로 호출할 수 있는 사람 또는 사물",2,"a situation in which a large number of vehicles are unable to move forward","차량이 앞으로 나아갈 수 없는 상황","Command of Evidence","Hard",1
"bank","noun","the land alongside a body of water","수역 옆의 땅",2,"a place where something is stored or kept","무언가가 저장되거나 보관되는 장소","Text Structure and Purpose","Easy",1
"basic","adjective","forming an essential foundation or starting point; fundamental","기본적인 기초 또는 출발점을 형성하는; 근본적인",2,"simple or uncomplicated in design or function","디자인이나 기능이 단순하거나 복잡하지 않은","Inferences","Easy",1
"bathe","verb","to wash or clean (someone or something) in water","물로 (누군가 또는 무언가를) 씻거나 청소하다",2,"to cover or envelop in a particular quality or atmosphere","특정한 품질이나 분위기로 덮거나 감싸다","Form, Structure, and Sense","Easy",1
"be","verb","to exist in a specified state or condition","특정 상태나 조건에 존재하다",2,"to have a role or function","역할이나 기능을 가지다","Form, Structure, and Sense","Easy | Hard",3
"bear","verb","to carry or support","지탱하다 또는 지니다",2,"to produce or yield","생산하다 또는 산출하다","Form, Structure, and Sense","Easy",1
"beautify","verb","to make beautiful","아름답게 하다",2,"to enhance the appearance of","외관을 향상시키다","Boundaries","Easy",1
"because","conjunction","for the reason that","그 이유로",2,"for the reason that; used to introduce a clause that explains why something is the case","무언가가 사실인 이유를 설명하는 절을 도입하는 데 사용","Transitions","Easy",1
"become","verb","to come into existence","존재하게 되다",2,"to be regarded or considered as","~로 여겨지다","Form, Structure, and Sense","Easy",1
"believe","verb","to accept something as true","무언가를 사실로 받아들이다",2,"to hold as an opinion","의견으로 간주하다","Form, Structure, and Sense","Easy",1
"belong","verb","to be the property of","~의 소유이다",2,"to be a member of or associated with","~의 일원이다 또는 관련이 있다","Central Ideas and Details","Medium",1
"beneficial","adjective","producing good results or helpful effects","좋은 결과나 유익한 효과를 내는",2,"producing a favorable effect or result","유리한 효과나 결과를 내는","Command of Evidence","Hard",1
"benefit","verb","to gain or receive good results from something","무언가로부터 좋은 결과를 얻다",2,"to receive an advantage or profit from something","무언가로부터 이익이나 혜택을 받다","Command of Evidence","Easy",1
"better","adjective","of superior quality","우수한 품질의",2,"more advantageous or effective","더 유리하거나 효과적인","Boundaries","Medium",1
"biennial","adjective","occurring every two years","2년마다 발생하는",2,"occurring every two years","2년마다 발생하는","Rhetorical Synthesis","Medium",1
"binding","verb","to tie or fasten something tightly","무언가를 단단히 묶거나 고정하다",2,"to wrap or encase something in a material","무언가를 재료로 감싸거나 포장하다","Form, Structure, and Sense","Medium",1
"blend","verb","to mix or combine (different elements)","(다른 요소들을) 섞거나 결합하다",2,"to combine different elements in a way that creates a harmonious effect","조화로운 효과를 만들어내는 방식으로 다양한 요소를 결합하다","Command of Evidence","Medium",1
"blur","verb","to make indistinct or dim","흐리게 하다",2,"to obscure or confuse the boundaries of something","무언가의 경계를 모호하게 하다","Words in Context","Medium",1
"blurs","verb","to make indistinct or dim","희미하게 하다",2,"to obscure or make less clear","모호하게 하다","Transitions","Medium",1
"board","noun","a flat, thin, rectangular piece of material","평평하고 얇은 직사각형의 재료 조각",2,"a flat surface used for playing a game","게임을 하는 데 사용되는 평평한 표면","Command of Evidence","Hard",1
"bond","verb","to join or attach","결합하다",2,"to form a close relationship","밀접한 관계를 형성하다","Transitions","Easy",1
"boundaries","noun","the limits of a subject or sphere of activity","주제나 활동 범위의 한계",2,"a dividing line or location separating two areas","두 지역을 구분하는 경계선 또는 위치","Boundaries","Medium",2
"boundary","noun","a line that marks the limits of an area","지역의 경계를 표시하는 선",2,"a limit or point beyond which something does not extend","무언가가 더 이상 확장되지 않는 한계 또는 지점","Boundaries","Easy",1
"broad","adjective","having a large distance from side to side","옆으로 넓은 거리",2,"having a wide range or scope","넓은 범위 또는 범주를 가지다","Central Ideas and Details","Medium",1
"builds","verb","to construct (something) by putting parts or material together","(무언가를) 부품이나 재료를 조립하여 만들다",3,"to develop or establish (something)","(무언가를) 발전시키거나 세우다","Transitions","Easy",1
"burial","noun","the act of placing a dead body in the ground","시신을 땅에 묻는 행위",2,"the act of placing something in a grave or tomb","무덤이나 묘지에 무언가를 두는 행위","Transitions","Medium",1
"burning","verb","to consume fuel and give off heat, light, or gases","연료를 소모하고 열, 빛 또는 가스를 방출하다",3,"to cause to undergo combustion","연소를 겪게 하다","Command of Evidence","Easy",1
"but","conjunction","used to introduce a phrase or clause contrasting with what has already been mentioned","이미 언급된 내용과 대조되는 구 또는 절을 도입하는 데 사용",2,"used to introduce a statement that contrasts with or seems to contradict something that has been said previously","이전에 언급된 것과 대조되거나 모순되는 것처럼 보이는 진술을 도입하는 데 사용","Transitions","Easy",2
"buttress","noun","a structure built against a wall to support or reinforce it","벽을 지지하거나 보강하기 위해 벽에 세운 구조물",2,"a source of support or encouragement","지원이나 격려의 원천","Transitions","Easy",1
"calculate","verb","to determine the amount or number of something mathematically","수학적으로 무언가의 양이나 수를 결정하다",2,"to estimate or determine something based on analysis or reasoning","분석이나 추론을 바탕으로 무언가를 추정하거나 결정하다","Command of Evidence","Hard",1
"call","verb","to cry out or shout","외치다",2,"to communicate or signal to someone","누군가에게 의사소통하거나 신호를 보내다","Rhetorical Synthesis","Medium",1
"canvas","noun","a strong, heavy cloth used for making tents, sails, or paintings","텐트, 돛, 또는 그림을 만들기 위해 사용되는 강하고 무거운 천",2,"a surface for artistic work","예술 작업을 위한 표면","Transitions","Medium",1
"capacious","adjective","able to hold much : spacious","많은 것을 담을 수 있는 : 넓은",2,"having a lot of space or capacity","많은 공간이나 용량이 있는","Central Ideas and Details","Hard",1
"capitalize","verb","to take advantage of","이용하다",2,"to gain a financial advantage from","재정적 이익을 얻다","Command of Evidence","Hard",1
"captive","adjective","held as a prisoner or confined","포로로 잡혀 있거나 제한된",2,"bred in a controlled environment, not in the wild","자연에서가 아니라 통제된 환경에서 번식된","Command of Evidence","Medium",1
"capture","verb","to take possession or control of something","무언가를 소유하거나 통제하다",2,"to attract and hold the attention of","관심을 끌고 유지하다","Rhetorical Synthesis | Form, Structure, and Sense","Hard | Medium",2
"carry","verb","to move something from one place to another","무언가를 한 장소에서 다른 장소로 옮기다",2,"to support or hold up","지탱하거나 받치다","Rhetorical Synthesis","Easy",1
"cartographer","noun","a person who makes maps","지도를 만드는 사람",2,"a person who creates detailed representations of geographical areas","지리적 지역의 상세한 표현을 만드는 사람","Boundaries","Hard",1
"carve","verb","to cut (something) into a desired shape","원하는 모양으로 (무언가를) 자르다",3,"to create or produce (a sculpture) by cutting","자르기 통해 (조각품을) 만들다","Cross-Text Connections","Easy",1
"carved","verb","to cut (a hard material) into a desired shape","단단한 재료를 원하는 모양으로 자르다",2,"to create or produce (something) by cutting or shaping","자르거나 형태를 만들어 (무언가를) 창조하거나 생산하다","Central Ideas and Details","Medium",1
"case","noun","a container for holding something","무언가를 담는 용기",2,"the body or structure of a musical instrument","악기의 본체 또는 구조","Boundaries","Easy",1
"cast","verb","to throw something","무언가를 던지다",2,"to cause to move in a specified direction","특정 방향으로 움직이게 하다","Text Structure and Purpose","Hard",1
"catalyst","noun","a substance that increases the rate of a chemical reaction without itself undergoing any permanent chemical change","화학 반응의 속도를 증가시키는 물질로, 영구적인 화학 변화를 겪지 않음",2,"something that causes activity between two or more persons or forces without itself being affected","자신이 영향을 받지 않으면서 두 개 이상의 사람이나 힘 사이의 활동을 유발하는 것","Rhetorical Synthesis","Medium",1
"cause","verb","to make happen","발생하게 하다",2,"to bring about or produce (a result)","(결과를) 초래하다 또는 발생시키다","Form, Structure, and Sense","Medium",1
"cell","noun","a small room in which a prisoner is locked up or in which a monk or nun sleeps","죄수가 갇히거나 수도사나 수녀가 자는 작은 방",2,"a structural and functional unit of an organism","유기체의 구조적 및 기능적 단위","Boundaries","Hard",1
"chain","noun","a series of linked or connected items","연결된 항목의 시리즈",2,"a sequence of interconnected elements or processes","상호 연결된 요소 또는 프로세스의 시퀀스","Rhetorical Synthesis","Hard",1
"chamber","noun","a room used primarily for sleeping","주로 수면에 사용되는 방",2,"a space for storing or containing something, often used in a broader context","무언가를 저장하거나 포함하는 공간, 종종 더 넓은 맥락에서 사용됨","Boundaries","Hard",1
"chaotic","adjective","completely confused or disordered","완전히 혼란스럽거나 무질서한",2,"marked by confusion or disorder","혼란이나 무질서로 특징지어지는","Words in Context","Medium",1
"characterize","verb","to describe the distinctive nature or features of","특징을 설명하다",2,"to define or classify in a specific way","특정한 방식으로 정의하거나 분류하다","Cross-Text Connections","Medium",1
"charge","noun","the amount of electricity held in a battery or other device","배터리나 다른 장치에 저장된 전기의 양",2,"an electrical property of matter that causes it to experience a force when placed in an electromagnetic field","전자기장에 놓였을 때 힘을 경험하게 하는 물질의 전기적 성질","Central Ideas and Details","Hard",1
"chemical","adjective","of or relating to chemistry or the interactions of substances as studied in chemistry","화학 또는 화학에서 연구되는 물질의 상호작용과 관련된",2,"having the properties of a substance","물질의 성질을 가진","Boundaries","Hard",1
"choose","verb","to select freely and after consideration","자유롭게 선택하다",2,"to make a decision about something","무언가에 대한 결정을 내리다","Boundaries","Hard",1
"civil","adjective","of or relating to citizens","시민의 또는 시민과 관련된",2,"polite and respectful in behavior","행동에서 공손하고 존중하는","Text Structure and Purpose","Medium",1
"claim","noun","a statement that something is true, typically without providing evidence or proof","주장, 진술",2,"a demand for something as due or believed to be due","당연히 요구되거나 요구된 것으로 여겨지는 것에 대한 요구","Words in Context | Command of Evidence","Hard",2
"clan","noun","a group of close-knit and interrelated families","밀접하게 연결된 가족 그룹",2,"a group of people united by a common interest or characteristic","공통의 관심사나 특성으로 결합된 사람들 그룹","Form, Structure, and Sense","Easy",1
"cleanliness","noun","the quality or state of being clean","깨끗한 상태 또는 품질",2,"the practice of maintaining hygiene and sanitation","위생과 청결을 유지하는 행위","Text Structure and Purpose","Medium",1
"cleave","verb","to split or sever (something)","(무언가를) 쪼개다 또는 나누다",2,"to cut or separate (especially in a biological context)","(특히 생물학적 맥락에서) 자르거나 분리하다","Form, Structure, and Sense","Hard",1
"cleft","noun","a space or opening made by splitting","갈라짐으로 만들어진 공간 또는 구멍",2,"a split or indentation","갈라짐 또는 움푹 들어간 부분","Text Structure and Purpose","Medium",1
"clone","verb","to make a copy of","복사하다",2,"to reproduce asexually","무성 생식으로 재생산하다","Boundaries","Easy",1
"club","noun","a group of people who meet for a common purpose","공통의 목적을 위해 모이는 사람들의 그룹",2,"a facility or establishment for social or recreational activities","사회적 또는 오락 활동을 위한 시설 또는 기관","Boundaries","Easy",1
"clutter","verb","to fill or cover with scattered or disordered things","어지럽히다",2,"to fill with things in a disorderly manner","어지럽게 채우다","Text Structure and Purpose","Medium",1
"coastal","adjective","of or relating to the coast","해안의",2,"of or relating to the region near the shore","해안 근처 지역과 관련된","Rhetorical Synthesis","Hard",1
"cohesive","adjective","tending to stick together","서로 붙으려는 경향이 있는",2,"forming a united whole","하나의 통합된 전체를 형성하는","Rhetorical Synthesis","Hard",1
"coincidence","noun","a situation in which events happen at the same time in a way that is not planned or expected","우연히 발생한 사건",2,"a remarkable concurrence of events or circumstances without apparent causal connection","명백한 인과 관계 없이 사건이나 상황의 주목할 만한 일치","Transitions","Hard",1
"collect","verb","to bring together into one group","하나의 그룹으로 모으다",3,"to accumulate or gather over time","시간이 지남에 따라 축적되거나 모이다","Boundaries | Form, Structure, and Sense","Medium",2
"collecting","verb","to bring together into one group","하나의 그룹으로 모으다",2,"to gather or accumulate (in this context, fees)","(이 문맥에서, 수수료를) 모으다","Transitions","Easy",1
"collective","noun","a cooperative enterprise","협동 기업",2,"a group of individuals acting together for a common purpose","공통의 목적을 위해 함께 행동하는 개인의 집단","Command of Evidence","Hard",1
"colonized","verb","to establish a colony in","식민지를 세우다",2,"to settle among and establish control over the indigenous people of an area","해당 지역의 원주민 위에 정착하고 통제권을 확립하다","Inferences","Medium",1
"come","verb","to move toward something","어떤 것 쪽으로 이동하다",2,"to originate or derive from","유래하다 또는 파생되다","Form, Structure, and Sense","Easy",1
"comfortable","adjective","feeling physically relaxed and free from pain","신체적으로 편안하고 통증이 없는 느낌",3,"providing physical ease and relaxation","신체적 편안함과 이완을 제공하는","Inferences","Medium",1
"common","adjective","occurring or appearing frequently","자주 발생하는",2,"widespread or prevalent","널리 퍼져 있는","Words in Context | Inferences | Cross-Text Connections","Medium | Hard",4
"complementarily","adverb","in a way that completes something","무언가를 완성하는 방식으로",2,"in a way that enhances or improves something by working well with it","잘 어울려서 무언가를 향상시키거나 개선하는 방식으로","Form, Structure, and Sense","Medium",1
"complete","adjective","having all necessary parts; whole","모든 필요한 부분이 있는; 전체",2,"having all necessary information or details; thorough","모든 필요한 정보나 세부사항이 있는; 철저한","Words in Context","Hard",1
"completely","adverb","totally; utterly","완전히; 철저히",2,"to an absolute degree; not at all","절대적인 정도로; 전혀","Words in Context","Medium",1
"complexity","noun","the quality of being intricate or complicated","복잡하거나 복잡한 특성",2,"the state of being made up of many interconnected parts","많은 상호 연결된 부분으로 구성된 상태","Text Structure and Purpose | Form, Structure, and Sense","Medium",2
"compose","verb","to make or form by combining things, parts, or elements","사물, 부분 또는 요소를 결합하여 만들거나 형성하다",2,"to constitute or make up","구성하다 또는 이루다","Command of Evidence","Hard",1
"composed","adjective","made up of","구성된",2,"having a calm and self-controlled manner","차분하고 자기 통제된 태도를 가진","Form, Structure, and Sense","Medium",1
"compound","noun","a substance formed by the chemical combination of two or more elements","두 개 이상의 원소가 화학적으로 결합하여 형성된 물질",2,"a thing that is composed of two or more separate elements; a mixture","두 개 이상의 개별 요소로 구성된 것; 혼합물","Boundaries","Easy",1
"compress","verb","to press together","압축하다",2,"to reduce in size or volume","크기나 부피를 줄이다","Command of Evidence","Hard",1
"compromise","verb","to settle a dispute by mutual concession","상호 양보로 분쟁을 해결하다",2,"to weaken or damage (one's principles or integrity)","(원칙이나 정체성을) 약화시키거나 손상시키다","Words in Context","Hard",1
"concentrated","adjective","having a high concentration of a substance","물질의 농도가 높은",2,"gathered together or made denser","모여 있거나 더 밀집된","Command of Evidence","Hard",1
"concern","noun","a feeling of worry or anxiety","걱정이나 불안의 감정",2,"a matter of interest or importance to someone","누군가에게 관심이나 중요성이 있는 문제","Command of Evidence","Hard",1
"concise","adjective","expressing or covering much matter in few words","간결한",2,"brief and to the point; using few words","간결하고 요점을 잘 전달하는; 적은 단어 사용","Transitions","Easy",1
"condone","verb","to overlook or forgive (an offense)","(범죄 등을) 용납하다, 용서하다",2,"to accept and allow (behavior that is considered morally wrong or offensive) to continue","(도덕적으로 잘못되거나 불쾌한) 행동을 계속하도록 받아들이고 허용하다","Words in Context","Medium",1
"conduct","verb","to lead or guide","인도하다",2,"to carry out or perform (a study)","(연구를) 수행하다","Form, Structure, and Sense | Transitions | Inferences","Easy | Hard | Medium",3
"conducting","verb","to lead or guide (a group)","(그룹을) 이끌다 또는 안내하다",2,"to direct the performance of (a musical group)","(음악 그룹의) 연주를 지휘하다","Central Ideas and Details","Medium",1
"confined","verb","to keep within limits","한계를 두다",2,"to restrict or limit in space or scope","공간이나 범위를 제한하다","Form, Structure, and Sense","Hard",1
"conscious","adjective","aware of and responding to one's surroundings; awake.","주변을 인식하고 반응하는; 깨어 있는.",2,"having knowledge of something; aware of something within oneself.","무언가에 대한 지식이 있는; 자신 안의 무언가를 인식하는.","Central Ideas and Details","Easy",1
"consensus","noun","general agreement","일반적인 동의",2,"a collective opinion or decision reached by a group","집단에 의해 도달한 집합적인 의견 또는 결정","Words in Context","Medium",1
"consequential","adjective","having significant consequences; important","중대한 결과가 있는; 중요한",2,"having far-reaching effects; significant in its implications","광범위한 영향을 미치는; 그 의미에서 중요하다","Inferences","Hard",1
"consider","verb","to think about carefully","신중하게 생각하다",2,"to regard or think of in a specified way","특정한 방식으로 간주하거나 생각하다","Form, Structure, and Sense","Easy",1
"considerable","adjective","large in size, amount, or degree","크기, 양 또는 정도가 큰",2,"worthy of attention; significant","주목할 가치가 있는; 중요한","Command of Evidence","Medium",1
"considered","verb","to think of (someone or something) in a specified way","(누군가 또는 무언가를) 특정한 방식으로 생각하다",2,"regarded as","간주된","Transitions","Hard | Medium",2
"conspicuous","adjective","easily seen or noticed","쉽게 보이거나 눈에 띄는",2,"attracting attention due to being unusual or different","특이하거나 다르기 때문에 주목을 끌다","Inferences","Hard",1
"constitute","verb","to make up or form something","무언가를 구성하거나 형성하다",2,"to be a part of a whole","전체의 일부가 되다","Inferences","Hard",1
"consume","verb","to use up (a resource)","자원(소비)을 다 쓰다",2,"to eat or drink (something)","(무언가를) 먹거나 마시다","Command of Evidence","Hard",1
"contact","noun","the state or condition of physical touching","물리적 접촉의 상태 또는 조건",2,"the state of being in communication or interaction","소통 또는 상호작용의 상태","Form, Structure, and Sense","Medium",1
"contain","verb","to hold or have within","포함하다",2,"to include or comprise","포함하다","Form, Structure, and Sense","Easy",1
"contract","verb","to become smaller or narrower","작아지다 또는 좁아지다",2,"to decrease in size or amount","크기나 양이 줄어들다","Inferences | Form, Structure, and Sense","Hard | Medium",2
"contracted","verb","to enter into a formal agreement; to become smaller","계약을 맺다; 수축하다",3,"to acquire or come down with (a disease or habit)","(습관·병 등을) 얻다, 습득하다","Words in Context","Hard",1
"contraction","noun","the act of making something smaller or shorter","무언가를 더 작거나 짧게 만드는 행위",2,"a shortened form of a word or group of words","단어 또는 단어 그룹의 축약형","Central Ideas and Details","Medium",1
"contribute","verb","to give or supply in common with others","다른 사람들과 함께 기여하거나 제공하다",2,"to give or add something (like effort or time) to a common cause","공통의 원인에 노력이나 시간을 기여하거나 추가하다","Form, Structure, and Sense","Easy",1
"control","noun","the power to influence or direct people's behavior or the course of events","사람들의 행동이나 사건의 경과를 영향을 미치거나 지배하는 힘",2,"a standard of comparison for checking or verifying the results of an experiment","실험 결과를 확인하거나 검증하기 위한 비교 기준","Inferences | Rhetorical Synthesis | Boundaries","Hard | Medium",3
"conveys","verb","to take or carry from one place to another","한 장소에서 다른 장소로 가져가거나 운반하다",2,"to communicate or make known","전달하거나 알리다","Words in Context","Medium",1
"corporate","adjective","of, relating to, or being a corporation","기업의, 법인의",2,"characteristic of a large company or organization","대기업이나 조직의 특성","Boundaries","Easy",1
"count","verb","to determine the total number of (units)","(단위)의 총 수를 결정하다",2,"to indicate or show (something) by counting","(무언가)를 세어 나타내다 또는 보여주다","Central Ideas and Details","Easy",1
"craft","verb","to make or produce with care or skill","정성이나 기술로 만들다",2,"to create or construct something in a specific way","특정한 방식으로 무언가를 만들거나 구성하다","Boundaries","Medium",1
"create","verb","to bring into existence","존재하게 하다",2,"to cause to happen or occur","발생하게 하다","Transitions | Form, Structure, and Sense | Command of Evidence | Text Structure and Purpose","Easy | Hard | Medium",7
"created","verb","to bring into existence","존재하게 하다",2,"to cause to happen or occur","발생하게 하다","Transitions","Easy",1
"credit","noun","approval or praise","승인 또는 칭찬",2,"a record of contributions or involvement","기여 또는 참여의 기록","Cross-Text Connections | Rhetorical Synthesis","Hard",2
"creep","verb","to move slowly and carefully","천천히 그리고 조심스럽게 움직이다",3,"to move in a stealthy or secretive manner","은밀하거나 비밀스럽게 움직이다","Text Structure and Purpose","Medium",1
"critics","noun","a person who expresses an unfavorable opinion of something","무언가에 대한 부정적인 의견을 표현하는 사람",2,"a person who evaluates or analyzes artistic works","예술 작품을 평가하거나 분석하는 사람","Form, Structure, and Sense","Hard",1
"crown","noun","the top part of the head","머리의 윗부분",2,"the upper part of a tree","나무의 윗부분","Rhetorical Synthesis","Medium",1
"crust","noun","the tough outer part of something","무언가의 단단한 바깥 부분",2,"a hard layer that forms on the surface of soil","토양 표면에 형성되는 단단한 층","Text Structure and Purpose","Medium",1
"culture","noun","the customary beliefs, social forms, and material traits of a racial, religious, or social group","인종, 종교 또는 사회 집단의 관습적인 신념, 사회적 형태 및 물질적 특성",2,"the set of shared attitudes, values, goals, and practices that characterizes an institution or organization","기관이나 조직을 특징짓는 공유된 태도, 가치, 목표 및 관행의 집합","Boundaries","Hard",1
"curiously","adverb","in a way that shows a strong desire to know or learn something","무언가를 알고 싶어하는 강한 욕구를 보이는 방식으로",3,"in a way that is strange or unusual","이상하거나 특이한 방식으로","Cross-Text Connections","Hard",1
"cycle","noun","a series of events that are regularly repeated in the same order","정기적으로 같은 순서로 반복되는 사건의 시리즈",2,"a sequence of phases or stages","일련의 단계 또는 단계","Form, Structure, and Sense","Medium",1
"damage","verb","to inflict physical harm on something","무언가에 신체적 피해를 주다",2,"to harm or impair in a non-physical sense, such as affecting growth or health","성장이나 건강에 영향을 미치는 비물리적 의미로 해를 끼치다","Command of Evidence","Hard",1
"dampen","verb","to make (something) less strong or intense","(무언가를) 덜 강하거나 강렬하게 만들다",2,"to lessen the intensity or effectiveness of something","무언가의 강도나 효과를 줄이다","Words in Context","Medium",1
"dance","noun","a series of rhythmic and patterned bodily movements","일련의 리드미컬하고 패턴화된 신체 움직임",2,"a social gathering for dancing","춤을 위한 사교 모임","Boundaries","Hard",1
"daring","adjective","adventurous or audaciously bold","모험적이거나 대담하게 대담한",2,"showing a willingness to take risks","위험을 감수하려는 의지를 보이는","Command of Evidence","Easy",1
"data","noun","facts or information used usually to calculate, analyze, or plan","계산, 분석 또는 계획에 일반적으로 사용되는 사실 또는 정보",2,"information collected for reference or analysis","참조 또는 분석을 위해 수집된 정보","Boundaries","Hard",1
"daunting","adjective","seeming difficult to deal with in anticipation; intimidating","예상하기에 다루기 어려운 것처럼 보이는; 위협적인",2,"causing one to lose courage; discouraging","용기를 잃게 하는; 낙담시키는","Inferences","Medium",1
"debris","noun","the remains of something broken down or destroyed","부서지거나 파괴된 것의 잔해",2,"scattered fragments, especially of something wrecked or destroyed","특히 파괴되거나 파손된 것의 흩어진 조각","Boundaries","Hard",1
"decisions","noun","a conclusion or resolution reached after consideration","고려 후에 도달한 결론 또는 결의",2,"the act of making a choice or judgment","선택이나 판단을 내리는 행위","Boundaries","Hard",1
"declare","verb","to make known formally or officially","공식적으로 알리다",2,"to announce or proclaim","선언하다","Transitions","Easy",1
"decline","verb","to refuse to accept","거절하다",2,"to formally reject or refuse to follow","정식으로 거부하거나 따르지 않다","Words in Context","Medium",1
"deconstruct","verb","to take apart (a structure)","구조물을 분해하다",2,"to analyze (a concept or work) in detail","개념이나 작업을 자세히 분석하다","Text Structure and Purpose","Easy",1
"decoupled","verb","to separate or disengage (something) from something else","(무언가를) 다른 것과 분리하다 또는 분리하다",2,"to eliminate the connection between two things","두 가지 사이의 연결을 없애다","Command of Evidence","Hard",1
"deface","verb","to spoil the surface or appearance of (something)","(무언가의) 표면이나 외관을 망치다",2,"to mar or disfigure the appearance of something","무언가의 외관을 손상시키거나 변형시키다","Rhetorical Synthesis","Medium",1
"default","noun","a failure to fulfill an obligation, especially to repay a loan or appear in a court of law","의무를 이행하지 않음, 특히 대출을 상환하지 않거나 법원에 출두하지 않음",2,"the preselected option or state that is automatically chosen in the absence of an alternative","대안이 없을 때 자동으로 선택되는 기본 옵션 또는 상태","Transitions","Hard",1
"define","verb","to state the meaning of (a word, phrase, etc.)","(단어, 구 등의) 의미를 설명하다",2,"to determine the essential qualities or characteristics of something","무언가의 본질적인 특성이나 특징을 결정하다","Rhetorical Synthesis","Hard",1
"definition","noun","a statement of the exact meaning of a word","단어의 정확한 의미에 대한 설명",2,"a statement of the essential nature of something","무언가의 본질적인 성격에 대한 설명","Rhetorical Synthesis","Medium",1
"demanding","adjective","requiring much effort or attention","많은 노력이나 주의를 요구하는",2,"requiring a high level of skill or effort","높은 수준의 기술이나 노력을 요구하는","Inferences","Hard",1
"denote","verb","to be a sign of; indicate","의미하다; 나타내다",2,"to serve as an indication of","의 표시로 작용하다","Rhetorical Synthesis","Hard",1
"dense","adjective","having a high density","높은 밀도를 가진",2,"closely packed together","밀접하게 포장된","Words in Context","Hard",1
"deny","verb","to declare untrue","거짓이라고 선언하다",2,"to refuse to admit the truth or existence of something","무언가의 진실이나 존재를 인정하기를 거부하다","Transitions","Easy",1
"dependent","adjective","determined or influenced by someone or something else","다른 사람이나 무언가에 의해 결정되거나 영향을 받는",2,"requiring support from something else","다른 것의 지원이 필요한","Boundaries","Medium",1
"depict","verb","to represent by or as if by painting","그림으로 표현하다",2,"to describe or portray in words","말로 묘사하다","Cross-Text Connections | Form, Structure, and Sense","Easy",2
"depiction","noun","the action of depicting something, especially in art","무언가를 묘사하는 행위, 특히 예술에서",2,"a representation or portrayal of something","무언가의 표현 또는 묘사","Boundaries","Hard",1
"depicts","verb","to represent by or as if by a picture","그림으로 표현하다",2,"to describe or portray in words","말로 묘사하다","Rhetorical Synthesis","Medium",1
"deplete","verb","to use up the supply or resources of","자원의 공급이나 자원을 다 써버리다",2,"to reduce the amount of something","무언가의 양을 줄이다","Cross-Text Connections","Hard",1
"derive","verb","to receive or obtain from a source","출처로부터 받거나 얻다",2,"to come from a particular source or origin","특정 출처나 기원에서 유래하다","Command of Evidence","Hard",1
"design","noun","a plan or drawing produced to show the look and function or workings of a building, garment, or other object","건물, 의복 또는 기타 물체의 모양과 기능 또는 작동을 보여주기 위해 제작된 계획 또는 도면",2,"the arrangement of elements in a work of art or a plan for a project","예술 작품의 요소 배열 또는 프로젝트에 대한 계획","Words in Context | Form, Structure, and Sense","Medium | Easy",2
"designer","noun","a person who designs clothing or accessories","의류나 액세서리를 디자인하는 사람",2,"a person who creates or plans something in a particular field","특정 분야에서 무언가를 창조하거나 계획하는 사람","Boundaries","Medium",1
"desirous","adjective","having a desire or wish for something","무언가에 대한 욕망이나 소망이 있는",2,"having a strong desire or longing for something","무언가에 대한 강한 욕망이나 갈망이 있는","Central Ideas and Details","Medium",1
"despite","preposition","without being affected by; in defiance of","영향을 받지 않고; 무시하고",2,"in spite of","~에도 불구하고","Form, Structure, and Sense","Hard",1
"detailed","adjective","having many details or facts; full of detail","세부 사항이나 사실이 많은; 세부 사항이 가득한",2,"having a lot of information or complexity","많은 정보나 복잡성을 가진","Inferences","Easy",1
"detect","verb","to discover or identify the presence of (something)","(무엇인가의) 존재를 발견하다 또는 확인하다",2,"to discover or determine the existence, presence, or fact of something","무엇인가의 존재, 존재 또는 사실을 발견하거나 결정하다","Central Ideas and Details","Medium",1
"determine","verb","to decide or settle conclusively and authoritatively","결정하다, 정하다",2,"to find out or ascertain something","무언가를 알아내다","Boundaries | Inferences","Easy | Medium",3
"device","noun","a piece of equipment or a mechanism designed to serve a special purpose","특별한 목적을 위해 설계된 장비 또는 기계의 일부",2,"a plan or scheme for achieving a particular purpose","특정 목적을 달성하기 위한 계획 또는 방안","Command of Evidence","Medium",1
"devour","verb","to eat (food) eagerly and in large amounts","음식을 열심히 많이 먹다",2,"to take in eagerly or enthusiastically","열심히 또는 열광적으로 받아들이다","Central Ideas and Details","Easy",1
"dialect","noun","a particular form of a language that is peculiar to a specific region or social group","특정 지역이나 사회 집단에 고유한 언어의 특정 형태",2,"a variation in speech patterns or sounds within a language","언어 내에서의 발음 패턴이나 소리의 변형","Inferences","Medium",1
"dictate","verb","to say or read aloud something to be recorded","무언가를 기록하기 위해 말하거나 읽다",2,"to prescribe or lay down authoritatively","권위 있게 규정하거나 정하다","Words in Context","Hard",1
"difficult","adjective","hard to do, make, or carry out","하기, 만들기 또는 수행하기 어려운",2,"not easy to understand or interpret","이해하거나 해석하기 쉽지 않은","Words in Context","Hard",1
"direction","noun","the path along which something moves or points","무언가가 움직이거나 가리키는 경로",2,"a course along which someone or something moves","누군가 또는 무언가가 움직이는 경로","Boundaries","Hard",1
"dismantle","verb","to take apart","분해하다",2,"to destroy the integrity or functioning of something","무언가의 완전성이나 기능을 파괴하다","Boundaries","Hard",1
"displace","verb","to remove from the usual or proper place","일반적이거나 적절한 장소에서 제거하다",2,"to take the place of","대신하다","Central Ideas and Details","Medium",1
"disputed","verb","to argue about; to question the truth or validity of something","논쟁하다; 무언가의 진실성이나 유효성을 의문시하다",2,"to challenge the validity or truth of something","무언가의 유효성이나 진실성을 도전하다","Rhetorical Synthesis","Hard",1
"disputing","verb","to argue about (something)","(무엇에 대해) 논쟁하다",2,"to engage in a debate or discussion about something","무언가에 대해 토론하거나 논의하다","Words in Context","Hard",1
"dissolve","verb","to make (a solid) disappear in a liquid","고체를 액체에 녹이다",2,"to cause to disappear or to be absorbed","사라지게 하거나 흡수되게 하다","Boundaries","Hard",1
"distorted","adjective","twisted out of shape","형태가 비틀린",2,"misrepresented or altered in a way that affects understanding","이해에 영향을 미치는 방식으로 잘못 표현되거나 변경된","Text Structure and Purpose","Easy",1
"disturb","verb","to interfere with the normal arrangement or functioning of","정상적인 배열이나 기능을 방해하다",2,"to upset or disrupt the normal state of something","무언가의 정상 상태를 혼란스럽게 하거나 방해하다","Central Ideas and Details","Hard",1
"divided","adjective","separated into parts or pieces","부분이나 조각으로 나뉜",2,"characterized by disagreement or disunity","불일치 또는 분열의 특성을 가진","Command of Evidence","Hard",1
"documented","verb","to create a record of","기록을 만들다",2,"to provide evidence or support for something","무언가에 대한 증거 또는 지원을 제공하다","Text Structure and Purpose","Easy",1
"domesticated","adjective","tamed and kept as a pet or farm animal","애완동물이나 농장 동물로 길들여지고 기르는",2,"adapted or modified for human use or companionship","인간의 사용이나 동반을 위해 적응되거나 수정된","Transitions","Medium",1
"dominant","adjective","most important, powerful, or influential","가장 중요하거나 강력하거나 영향력 있는",2,"most prevalent or noticeable","가장 두드러지거나 눈에 띄는","Command of Evidence","Medium",1
"dormant","adjective","not active or growing","활동하지 않거나 성장하지 않는",2,"in a state of rest or inactivity","휴식 또는 비활동 상태","Form, Structure, and Sense","Easy",1
"downplaying","verb","to make (something) seem less important","(무엇인가를) 덜 중요하게 만들다",2,"to minimize the significance or seriousness of something","무엇인가의 중요성이나 심각성을 최소화하다","Transitions","Easy",1
"drama","noun","a composition in prose or verse presenting a story involving conflict or contrast of character","갈등이나 성격의 대립을 포함하는 이야기의 산문 또는 운문 구성",2,"a situation or series of events having vivid, emotional, conflicting, or striking interest","생생하고 감정적이며 대립적이거나 인상적인 관심을 가진 상황이나 사건의 연속","Boundaries","Hard",1
"draw","verb","to produce a picture or diagram by making lines on a surface","표면에 선을 그려 그림이나 도표를 만드는 것",2,"to bring out or evoke a response or connection","반응이나 연결을 이끌어내다","Central Ideas and Details | Command of Evidence | Transitions","Easy | Hard | Medium",3
"dry","adjective","free from moisture or liquid; not wet","습기나 액체가 없는; 젖지 않은",2,"lacking in interest or excitement; dull","흥미나 흥분이 결여된; 지루한","Text Structure and Purpose","Medium",1
"dub","verb","to give a name to","이름을 붙이다",2,"to describe or characterize in a particular way","특정한 방식으로 설명하거나 특징짓다","Text Structure and Purpose","Hard",1
"dull","adjective","lacking interest or excitement","흥미나 흥분이 부족한",3,"lacking sharpness or clarity","날카로움이나 명확성이 부족한","Central Ideas and Details","Medium",1
"dye","verb","to color (a material) by soaking it in a solution","물질을 용액에 담가 색을 입히다",2,"to change the color of something, especially fabric, using a specific method or process","특정 방법이나 과정을 사용하여 무언가의 색을 변경하다","Rhetorical Synthesis","Medium",1
"earthenware","noun","a type of pottery made from clay that is fired at a low temperature","저온에서 구워진 점토로 만든 도자기 종류",2,"pottery that is primarily decorative rather than functional","주로 기능적이지 않고 장식적인 도자기","Transitions","Easy",1
"effect","noun","a change that is a result or consequence of an action or other cause","행동이나 다른 원인의 결과로 나타나는 변화",3,"a force that brings about a result","결과를 가져오는 힘","Command of Evidence | Inferences","Hard",2
"effective","adjective","producing a desired result","원하는 결과를 생성하는",2,"having a significant impact or influence","중요한 영향이나 효과가 있는","Words in Context","Medium",1
"effectual","adjective","producing or capable of producing an intended effect","의도한 효과를 생성하거나 생성할 수 있는",2,"having the power to produce a desired result","원하는 결과를 생성할 수 있는 힘이 있는","Central Ideas and Details","Easy",1
"efficiency","noun","the quality of being efficient; effectiveness","효율적인 품질; 효과성",2,"the ratio of useful output to total input in any system","어떤 시스템에서 유용한 출력과 총 입력의 비율","Command of Evidence","Medium",1
"elite","adjective","the choice part","선택된 부분",2,"a group of people considered to be the best in a particular society or category","특정 사회나 범주에서 가장 우수하다고 여겨지는 사람들 그룹","Text Structure and Purpose","Medium",1
"embarrassed","adjective","feeling or showing embarrassment","당혹감을 느끼거나 보이는",2,"in a difficult or complicated situation","어려운 상황에 처한","Central Ideas and Details","Medium",1
"emit","verb","to give off or send out (as in light or heat)","빛이나 열을 방출하다",2,"to produce and discharge (as in radiation)","(방사선과 같은 것을) 생성하고 방출하다","Form, Structure, and Sense","Easy",1
"emphasize","verb","to give special importance or prominence to something in speaking or writing","말하거나 글에서 무언가에 특별한 중요성이나 두드러짐을 주다",3,"to place importance on something in a way that may distort its actual significance","무언가의 실제 중요성을 왜곡할 수 있는 방식으로 중요성을 두다","Cross-Text Connections","Hard",1
"employ","verb","to make use of","사용하다",2,"to make use of for a specific purpose","특정 목적을 위해 사용하다","Transitions","Easy | Medium",2
"employed","verb","to make use of","사용하다",2,"to engage or involve (a resource or method)","(자원이나 방법을) 사용하다 또는 포함하다","Central Ideas and Details","Hard",1
"enable","verb","to make (someone or something) able to do or to be something","(누군가 또는 무언가가) 할 수 있도록 하다",2,"to provide with the means or opportunity","수단이나 기회를 제공하다","Form, Structure, and Sense","Easy",1
"enabled","verb","to make (someone or something) able to do something","(누군가 또는 무언가가) 무언가를 할 수 있게 하다",2,"to provide the means or opportunity for something to happen","무언가가 발생할 수 있는 수단이나 기회를 제공하다","Rhetorical Synthesis","Easy",1
"encompassing","verb","to surround or cover completely","완전히 둘러싸거나 덮다",2,"to include or contain","포함하다 또는 포함하다","Transitions","Easy",1
"endure","verb","to remain in existence; to last","지속되다, 살아남다",2,"to tolerate or bear something difficult with patience","견디다, 참다","Words in Context","Hard",1
"engage","verb","to participate or become involved in","참여하다 또는 관련되다",2,"to attract and hold the attention of","관심을 끌고 유지하다","Inferences | Rhetorical Synthesis","Hard | Medium",2
"enhance","verb","to increase or improve in value, quality, or attractiveness","가치, 품질 또는 매력을 증가시키거나 개선하다",2,"to make (something) more attractive or appealing","(무언가를) 더 매력적이거나 호소력 있게 만들다","Form, Structure, and Sense","Hard",1
"entice","verb","to attract artfully or adroitly or by arousing hope or desire","예술적으로 또는 능숙하게 또는 희망이나 욕망을 불러일으켜 끌어들이다",2,"to attract or tempt by offering pleasure or advantage","즐거움이나 이점을 제공하여 끌어들이다","Command of Evidence","Medium",1
"escape","noun","an act of breaking free from confinement or control","구속이나 통제에서 벗어나는 행위",2,"a means of avoiding something unpleasant or undesirable","불쾌하거나 바람직하지 않은 것을 피하는 수단","Command of Evidence","Medium",2
"establish","verb","to set up or lay the groundwork for","설립하다 또는 기초를 놓다",2,"to make something a reality or to confirm its existence","무언가를 현실로 만들거나 그 존재를 확인하다","Command of Evidence | Text Structure and Purpose","Hard | Medium",2
"establishment","noun","a business organization or place","사업 조직 또는 장소",2,"a place or organization that has been established","설립된 장소 또는 조직","Form, Structure, and Sense","Easy",1
"esteemed","adjective","regarded with respect or admiration","존경받는",3,"having a high regard or reputation","높은 평가나 명성을 가진","Cross-Text Connections","Hard",1
"event","noun","a significant occurrence or happening","중요한 사건이나 발생",2,"a particular occurrence or happening, especially one that is noteworthy","특히 주목할 만한 특정 발생이나 사건","Words in Context | Boundaries","Hard",2
"evidence","noun","the available body of facts or information indicating whether a belief or proposition is true or valid","믿음이나 주장이 사실인지 유효한지를 나타내는 가용한 사실이나 정보의 집합",2,"something that furnishes proof","증거를 제공하는 것","Words in Context | Form, Structure, and Sense","Hard | Easy",2
"evince","verb","to show clearly","명확하게 보여주다",2,"to reveal the presence of (a quality or feeling)","(특정한 성질이나 감정을) 드러내다","Text Structure and Purpose","Hard",1
"evoke","verb","to bring (a memory, feeling, image, etc.) into the mind","(기억, 감정, 이미지 등을) 마음에 불러일으키다",2,"to call forth or bring out","불러일으키다 또는 드러내다","Form, Structure, and Sense","Easy",1
"examine","verb","to look at closely","자세히 살펴보다",2,"to investigate or study in detail","자세히 조사하다","Transitions","Medium",1
"example","noun","a representative form or pattern","대표적인 형태나 패턴",2,"a part or piece of something that is representative of the whole","전체를 대표하는 일부 또는 조각","Boundaries","Easy",1
"exchange","noun","the act of giving or taking one thing in return for another","하나의 것을 다른 것으로 주거나 받는 행위",2,"the act of replacing or substituting something","무언가를 대체하거나 교체하는 행위","Form, Structure, and Sense","Easy",1
"exclusion","noun","the act of excluding or the state of being excluded","배제의 행위 또는 배제된 상태",2,"the act of not allowing something to be included or considered","무언가가 포함되거나 고려되는 것을 허용하지 않는 행위","Command of Evidence","Medium",1
"exert","verb","to put forth or bring to bear (as effort or energy)","노력이나 에너지를 발휘하다",2,"to apply or use (force, influence, etc.)","(힘, 영향 등을) 적용하다 또는 사용하다","Transitions","Easy",1
"exhibited","verb","to show or display","보여주다 또는 전시하다",2,"to manifest or reveal a quality or trait","특성이나 특질을 드러내다","Text Structure and Purpose","Hard",1
"expanded","verb","to increase in size, volume, quantity, or scope","크기, 부피, 수량 또는 범위를 증가시키다",2,"to broaden or develop in a more abstract sense","보다 추상적인 의미에서 넓히거나 발전시키다","Boundaries","Hard",1
"experience","noun","the process of doing and seeing things and of having things happen to you","일어나고 있는 일을 보고 경험하는 과정",2,"the particular event or occurrence that one undergoes","한 사람이 겪는 특정한 사건이나 발생","Inferences","Hard",1
"explored","verb","to travel through (an unfamiliar area) in order to learn about it","(낯선 지역을) 탐험하다",2,"to examine or consider (something) in detail","(무언가를) 자세히 조사하거나 고려하다","Boundaries","Easy",1
"exposed","verb","to make (something) visible by uncovering it","(무엇인가를) 드러내다",2,"to be subjected to (something harmful or unpleasant)","(해롭거나 불쾌한 것에) 노출되다","Command of Evidence","Medium",1
"express","verb","to convey in words","말로 전달하다",2,"to make known (a feeling or thought)","(감정이나 생각을) 알리다","Command of Evidence","Hard",1
"fact","noun","a thing that is indisputably the case","사실",2,"a noteworthy or significant aspect","주목할 만한 또는 중요한 측면","Words in Context","Medium",1
"fall","verb","to drop down from a higher place to a lower place","더 높은 곳에서 더 낮은 곳으로 떨어지다",2,"to come down freely under the influence of gravity","중력의 영향을 받아 자유롭게 내려오다","Form, Structure, and Sense","Hard",1
"familiarity","noun","the state of being familiar; close acquaintance","친숙한 상태; 가까운 친밀감",2,"the quality of being well-acquainted or knowledgeable about something","어떤 것에 대해 잘 알고 있거나 친숙한 품질","Inferences","Medium",1
"far","adjective","to a great extent","매우, 많이",2,"to a great degree or extent","매우, 많이","Boundaries | Form, Structure, and Sense","Hard",2
"fasten","verb","to attach or secure something","무언가를 부착하거나 고정하다",2,"to make secure or firm","안전하게 하거나 단단하게 하다","Text Structure and Purpose","Hard",1
"feasible","adjective","capable of being done or carried out","실행 가능하다",2,"capable of being done or achieved; practical","실행 가능하거나 성취할 수 있는; 실용적인","Rhetorical Synthesis","Medium",1
"feature","verb","to have as a prominent attribute or aspect","주요 속성이나 측면으로 가지다",2,"to present or include as a part of something","무언가의 일부로 제시하거나 포함하다","Words in Context | Command of Evidence | Form, Structure, and Sense","Medium | Easy | Hard",3
"featured","verb","to make (someone or something) the most important or prominent part","(누군가 또는 무언가를) 가장 중요하거나 두드러진 부분으로 만들다",2,"to have (someone or something) as a prominent part","(누군가 또는 무언가를 두드러진 부분으로 가지다)","Boundaries","Hard",1
"fellow","noun","a man or boy","남자 또는 소년",2,"a person of a specified kind","특정 종류의 사람","Text Structure and Purpose","Medium",1
"few","adjective","not many","많지 않은",2,"a small number of","소수의","Words in Context | Transitions","Hard | Easy",2
"field","noun","an area of open land","개방된 땅의 영역",2,"a particular branch of study or activity","특정 학문 또는 활동의 분야","Text Structure and Purpose | Central Ideas and Details","Hard | Medium",2
"figure","noun","a numerical symbol or a shape","숫자 기호 또는 형태",2,"a person or representation of a person","사람 또는 사람의 표현","Inferences","Medium",1
"finally","adverb","at the end or after a long time","마침내 또는 오랜 시간 후에",2,"used to introduce the last point in a series","일련의 마지막 요점을 소개하는 데 사용","Transitions","Easy",1
"find","verb","to discover or perceive by chance","우연히 발견하다",2,"to identify or recognize as being present","존재하는 것으로 식별하거나 인식하다","Form, Structure, and Sense","Medium",1
"findings","noun","the results of an investigation or experiment","조사나 실험의 결과",2,"the information or data obtained from research or study","연구나 학습을 통해 얻은 정보 또는 데이터","Form, Structure, and Sense","Easy",1
"first","adjective","1. coming before all others in time or order","첫 번째, 최초의",3,"being the primary or most important","주요한 또는 가장 중요한","Command of Evidence","Hard",1
"fit","verb","to be of the right shape and size for someone or something","누군가 또는 무언가에 맞는 모양과 크기이다",2,"to adjust or adapt something to meet specific requirements","특정 요구 사항을 충족하도록 조정하거나 적응하다","Transitions | Text Structure and Purpose","Hard | Medium",2
"flake","noun","a small, thin piece of something","작고 얇은 조각",2,"a small, thin piece of snow that falls from the sky","하늘에서 떨어지는 작고 얇은 눈 조각","Form, Structure, and Sense","Medium",1
"flare","noun","a sudden burst of light or flame","갑작스러운 빛이나 불꽃의 폭발",2,"a sudden burst of activity or intensity","활동이나 강도의 갑작스러운 폭발","Words in Context","Hard",1
"flat","adjective","having a smooth, even surface","매끄럽고 고른 표면을 가진",3,"lacking depth or dimension","깊이나 차원이 결여된","Words in Context","Hard",1
"flexible","adjective","capable of being bent or flexed without breaking","부러지지 않고 구부릴 수 있는",2,"easily influenced or changed","쉽게 영향을 받거나 변화하는","Rhetorical Synthesis","Hard",1
"flipping","verb","to turn over or cause to turn over","뒤집다",3,"to change the orientation or arrangement of something","무언가의 방향이나 배열을 변경하다","Transitions","Medium",1
"float","verb","to rest or move on or near the surface of a liquid without sinking","액체의 표면에 가라앉지 않고 떠 있거나 이동하다",3,"to move or drift in a relaxed or easy manner","편안하거나 수월한 방식으로 이동하거나 떠다니다","Central Ideas and Details","Medium",1
"flourish","verb","to grow or develop in a healthy or vigorous way","건강하거나 활발하게 성장하거나 발전하다",2,"to achieve success or prominence","성공이나 두각을 나타내다","Transitions","Medium",1
"focus","verb","to concentrate attention or effort","집중하다",2,"to direct attention or interest","관심이나 주의를 향하다","Text Structure and Purpose","Easy",1
"fold","noun","a form or shape produced by folding","접힌 형태 또는 모양",2,"a pen or enclosure for animals","동물을 위한 우리 또는 울타리","Text Structure and Purpose","Medium",1
"force","verb","to make (someone) do something against their will","(누군가가) 원하지 않는 일을 하게 하다",2,"to compel or coerce someone into action","누군가를 행동하도록 강요하거나 압박하다","Cross-Text Connections | Form, Structure, and Sense | Transitions","Easy | Medium",3
"form","noun","the visible shape or configuration of something","무언가의 가시적인 형태 또는 구성",2,"the particular way in which a thing exists or appears","사물이 존재하거나 나타나는 특정한 방식","Boundaries","Easy",1
"formation","noun","the action of forming or process of being formed","형성의 행위 또는 형성되는 과정",2,"a structure or arrangement of something","무언가의 구조 또는 배열","Central Ideas and Details","Medium",1
"foster","verb","to bring up (a child)","아이를 기르다",2,"to promote the growth or development of something","무언가의 성장이나 발전을 촉진하다","Command of Evidence","Easy",1
"found","verb","to come upon often by accident","우연히 발견하다",2,"to establish or lay the groundwork for","기초를 세우다","Boundaries | Transitions","Hard | Medium",2
"founded","verb","to establish or set up","설립하다 또는 세우다",2,"to create or initiate an organization or movement","조직이나 운동을 창설하거나 시작하다","Transitions","Medium",1
"frame","verb","to construct or put together","구성하다 또는 조립하다",2,"to shape or influence","형성하거나 영향을 미치다","Form, Structure, and Sense","Hard",1
"framing","verb","to construct or formulate (as a plan or a concept)","계획이나 개념을 구성하거나 형성하다",2,"to present or express in a particular way","특정한 방식으로 제시하거나 표현하다","Command of Evidence","Hard",1
"frankness","noun","the quality of being open, honest, and direct in speech or writing","말이나 글에서 솔직하고 정직하며 직접적인 품질",2,"the quality of being blunt or outspoken, often to the point of causing discomfort","불편함을 초래할 정도로 직설적이거나 솔직한 품질","Central Ideas and Details","Medium",1
"fruits","noun","the sweet and fleshy product of a tree or other plant that contains seed and can be eaten as food","나무나 다른 식물의 씨앗을 포함하고 먹을 수 있는 달고 육즙이 많은 제품",3,"the results or rewards of work or activity","일이나 활동의 결과 또는 보상","Rhetorical Synthesis","Medium",1
"frying","adjective","cooked in hot fat or oil","뜨거운 기름이나 지방으로 조리된",2,"used to describe a specific type of cooking method","특정한 조리 방법을 설명하는 데 사용됨","Transitions","Hard",1
"fuel","verb","to provide with fuel","연료를 공급하다",3,"to stimulate or incite (as in growth or development)","(성장이나 발전을) 자극하거나 유도하다","Central Ideas and Details","Medium",1
"function","noun","the natural purpose (of something)","(무언가의) 자연스러운 목적",2,"an activity or role assigned to something","무언가에 할당된 활동 또는 역할","Text Structure and Purpose | Inferences","Hard | Medium",2
"functional","adjective","designed to be practical and useful","실용적이고 유용하도록 설계된",2,"having a special activity or purpose","특별한 활동이나 목적이 있는","Central Ideas and Details","Medium",1
"functionless","adjective","having no function or purpose","기능이나 목적이 없는",2,"not serving a practical purpose or role","실용적인 목적이나 역할을 하지 않는","Words in Context","Hard",1
"funny","adjective","causing laughter or amusement","웃음이나 재미를 유발하는",2,"strange or odd in a way that causes concern","우려를 불러일으키는 방식으로 이상하거나 기이한","Text Structure and Purpose","Easy",1
"garden","noun","a plot of ground where plants are cultivated","식물이 재배되는 땅의 구역",2,"a place for the display and cultivation of plants, often for educational purposes","식물의 전시 및 재배를 위한 장소, 종종 교육적 목적을 위해","Boundaries","Hard",1
"gather","verb","to bring together","모으다",2,"to come together","모이다","Text Structure and Purpose","Medium",1
"gaze","verb","to look steadily and intently","응시하다",2,"to look at something with a specific purpose or intention","특정한 목적이나 의도를 가지고 바라보다","Command of Evidence","Hard",1
"germinate","verb","to begin to grow or develop","자라기 시작하다",2,"to come into being; to develop","존재하게 되다; 발전하다","Text Structure and Purpose","Hard",1
"gesture","noun","a movement of the body to express or help express an idea or feeling","아이디어나 감정을 표현하거나 표현하는 데 도움이 되는 신체의 움직임",2,"a deliberate action or expression that conveys a specific meaning or intention","특정한 의미나 의도를 전달하는 의도적인 행동이나 표현","Inferences | Rhetorical Synthesis","Hard | Medium",2
"get","verb","to come into possession of","소유하게 되다",2,"to achieve or attain (as in a state or condition)","(상태나 조건을) 달성하다 또는 얻다","Command of Evidence","Hard",1
"glared","verb","to stare in an angry or fierce way","화난 또는 사나운 방식으로 노려보다",2,"to be very conspicuous or obvious","매우 눈에 띄거나 분명하다","Text Structure and Purpose","Easy",1
"glean","verb","to gather grain left by reapers","수확한 곡식을 모으다",2,"to collect information or material bit by bit","정보나 자료를 조금씩 모으다","Form, Structure, and Sense","Hard",1
"gloomy","adjective","filled with or showing gloom","우울한 또는 우울함을 나타내는",2,"causing or expressing sadness or depression","슬픔이나 우울을 유발하거나 표현하는","Text Structure and Purpose","Medium",1
"good","adjective","of a favorable character or tendency","유리한 성격이나 경향의",2,"morally excellent; virtuous","도덕적으로 우수한; 미덕이 있는","Inferences","Hard",1
"great","adjective","of large size","큰 크기의",2,"remarkable or outstanding","주목할 만한 또는 뛰어난","Text Structure and Purpose","Easy",1
"group","noun","a number of people or things that are located, gathered, or classed together","함께 모여 있거나 분류된 사람이나 사물의 수",2,"a category of organisms that share common characteristics","공통 특성을 공유하는 유기체의 범주","Words in Context","Hard",1
"guarantee","verb","to promise or ensure something will happen","무엇인가가 발생할 것이라고 약속하다 또는 보장하다",2,"to provide a formal assurance or security","정식 보증이나 담보를 제공하다","Form, Structure, and Sense","Easy",1
"hand","noun","the end part of a person's arm","사람의 팔 끝 부분",2,"a part of a device that is used to operate it","장치를 작동하는 데 사용되는 장치의 일부","Form, Structure, and Sense","Easy",1
"handling","noun","the act of touching, holding, or controlling something","무언가를 만지거나, 잡거나, 조종하는 행위",2,"the way in which something is managed or dealt with","무언가를 관리하거나 처리하는 방식","Rhetorical Synthesis","Medium",1
"handshake","noun","a greeting or agreement made by clasping hands","손을 잡고 인사하거나 합의하는 것",2,"the act of shaking hands, especially as a form of greeting or agreement","인사나 합의의 형태로 손을 흔드는 행위","Inferences","Easy",1
"hark","verb","to listen attentively","주의 깊게 듣다",2,"to give heed or attention","주의를 기울이다","Boundaries","Hard",1
"harness","verb","to put a harness on (a horse)","말에 마구를 채우다",2,"to utilize or make use of","활용하다 또는 이용하다","Form, Structure, and Sense","Medium",1
"he","pronoun","used to refer to a man, boy, or male animal previously mentioned or easily identified","이전에 언급되었거나 쉽게 식별할 수 있는 남자, 소년 또는 수컷 동물을 지칭하는 데 사용됨",2,"used to introduce a clause or statement about someone","누군가에 대한 절이나 진술을 소개하는 데 사용됨","Transitions","Easy",1
"help","verb","to give assistance or support to","도움이나 지원을 주다",2,"to make easier or facilitate","더 쉽게 하거나 촉진하다","Inferences | Boundaries","Medium",2
"hierarchical","adjective","of or relating to a hierarchy","계층 구조의",2,"arranged in order of rank or authority","계급이나 권위의 순서로 배열된","Cross-Text Connections","Hard",1
"hinder","verb","to make (something) difficult to do","(무언가를 하는 것을) 어렵게 만들다",2,"to hold back or impede progress","진전을 방해하다","Words in Context","Medium",1
"hindered","verb","to make (something) difficult","(무엇)을 어렵게 하다",2,"to hold back or impede progress","진전을 방해하다","Central Ideas and Details","Hard",1
"historians","noun","a person who studies or writes about history","역사를 연구하거나 쓰는 사람",2,"a person who interprets or analyzes historical events","역사적 사건을 해석하거나 분석하는 사람","Form, Structure, and Sense","Easy",1
"honor","verb","to regard or treat (someone) with admiration and respect","존경과 존중으로 (누군가)를 대하다",2,"to give recognition to (an achievement)","(업적)에 대한 인정을 주다","Form, Structure, and Sense","Easy | Hard",2
"how","adverb","to what degree or extent","어느 정도 또는 범위",2,"in what manner or way","어떤 방식으로","Boundaries","Easy",1
"however","adverb","in whatever way or manner","어떤 방식으로든",2,"used to introduce a statement that contrasts with or seems to contradict something that has been said previously","이전에 언급된 것과 대조되거나 모순되는 진술을 도입하는 데 사용됨","Transitions","Easy | Medium",2
"hull","noun","the main body of a ship or boat","배 또는 보트의 본체",2,"the outer covering or structure of a vessel","선박의 외부 덮개 또는 구조","Rhetorical Synthesis","Hard",1
"humble","adjective","having or showing a modest or low estimate of one's own importance","자신의 중요성을 겸손하게 또는 낮게 평가하는",2,"not proud or arrogant; modest","자랑하지 않거나 오만하지 않은; 겸손한","Central Ideas and Details","Medium",1
"hurry","verb","to move or act with speed","빠르게 움직이거나 행동하다",2,"to cause to act or move more quickly","더 빨리 행동하거나 움직이게 하다","Central Ideas and Details","Hard",1
"hypothesize","verb","to form a hypothesis","가설을 세우다",2,"to make an educated guess or inference based on available information","사용 가능한 정보를 바탕으로 교육받은 추측이나 추론을 하다","Inferences","Easy",1
"idea","noun","a thought or suggestion as to a possible course of action","가능한 행동 방침에 대한 생각이나 제안",2,"a concept or notion that may not be based on fact","사실에 근거하지 않을 수 있는 개념 또는 관념","Inferences","Medium",1
"ideal","adjective","satisfying one's conception of what is perfect; most suitable","완벽하다고 생각되는 것; 가장 적합한",2,"existing as a standard or model; representing a perfect example","기준이나 모델로 존재하는; 완벽한 예를 나타내는","Form, Structure, and Sense","Easy",1
"identified","verb","to recognize or establish as being a particular person or thing","특정한 사람이나 사물로 인식하거나 확립하다",2,"to discover or determine the existence of something","무언가의 존재를 발견하거나 결정하다","Words in Context","Hard",1
"image","noun","a visual representation of something","무언가의 시각적 표현",2,"a mental representation or concept","정신적 표현 또는 개념","Text Structure and Purpose","Medium",1
"imbibe","verb","to drink (a liquid)","액체를 마시다",2,"to take in or absorb (as knowledge or ideas)","(지식이나 아이디어를) 흡수하다","Words in Context","Medium",1
"immense","adjective","marked by greatness especially in size or degree","특히 크기나 정도에서의 위대함으로 표시됨",3,"extremely large or great","매우 크거나 위대한","Central Ideas and Details","Hard",1
"immigrant","noun","a person who comes to a country to live there","다른 나라에 살기 위해 오는 사람",2,"a person who comes to a country to settle permanently","영구적으로 정착하기 위해 다른 나라에 오는 사람","Form, Structure, and Sense","Easy",1
"impact","noun","the force of one thing striking another","한 물체가 다른 물체에 부딪히는 힘",2,"a strong effect or influence","강한 효과 또는 영향","Command of Evidence","Medium",1
"implies","verb","to indicate or suggest without being explicitly stated","명시적으로 진술되지 않고 나타내거나 제안하다",2,"to suggest or express indirectly","간접적으로 제안하거나 표현하다","Inferences","Hard",1
"importance","noun","the quality of being important","중요한 특성",2,"significance or value in a particular context","특정 맥락에서의 중요성 또는 가치","Form, Structure, and Sense | Command of Evidence","Hard | Medium",2
"important","adjective","having serious meaning or worth","중요한 의미나 가치가 있는",2,"having significant influence or effect","중요한 영향이나 효과가 있는","Words in Context","Hard",1
"impose","verb","to force something to be accepted or put in place","무언가를 받아들이거나 시행하도록 강요하다",2,"to establish or apply as a burden or duty","부담이나 의무로서 설정하거나 적용하다","Cross-Text Connections","Easy",1
"impress","noun","a mark or stamp made by pressure","압력에 의해 만들어진 자국 또는 도장",2,"the effect or influence that something has","무언가가 미치는 영향이나 효과","Command of Evidence","Hard",1
"improved","verb","to make (something) better","(무언가를) 더 좋게 만들다",2,"to enhance the quality or value of something","무언가의 품질이나 가치를 향상시키다","Rhetorical Synthesis","Easy",1
"imputed","verb","to lay the responsibility or blame for (something) often falsely or unjustly","(무엇에 대한) 책임을 전가하다, (부당하게) 비난하다",2,"to attribute or ascribe (something) to a cause or source","(무엇을) 원인이나 출처에 귀속시키다","Cross-Text Connections","Hard",1
"in","preposition","used to indicate inclusion within space, a place, or limits","공간, 장소 또는 한계 내의 포함을 나타내는 데 사용됨",2,"used to indicate a specific time or event","특정 시간이나 사건을 나타내는 데 사용됨","Transitions","Easy",2
"include","verb","to contain as part of a whole","전체의 일부로 포함하다",2,"to have as a part or member","일부 또는 구성원으로 가지다","Form, Structure, and Sense","Easy",1
"incorporate","verb","to unite or work into something already existent","이미 존재하는 것에 통합하거나 작업하다",2,"to include as part of a whole","전체의 일부로 포함하다","Transitions | Command of Evidence","Easy | Medium",2
"incorporated","verb","to unite or work into something already existent","이미 존재하는 것에 통합하다",3,"to include as part of a whole","전체의 일부로 포함하다","Cross-Text Connections","Easy",1
"indication","noun","a sign or piece of information that indicates something","무언가를 나타내는 신호 또는 정보의 조각",2,"a suggestion or hint about something","무언가에 대한 제안 또는 힌트","Inferences","Medium",1
"indifferently","adverb","having no interest or concern; apathetic","관심이나 걱정이 없는; 무관심한",2,"in a manner that shows a lack of interest or concern","관심이나 걱정이 없는 방식으로","Central Ideas and Details","Easy",1
"infer","verb","to derive as a conclusion from facts or premises","사실이나 전제로부터 결론을 도출하다",2,"to guess or speculate about something based on limited information","제한된 정보에 근거하여 무언가를 추측하거나 추론하다","Words in Context | Text Structure and Purpose","Medium | Hard",2
"influence","noun","the power to change or affect someone or something","누군가 또는 무언가를 변화시키거나 영향을 미치는 힘",2,"the capacity to have an effect on the character, development, or behavior of someone or something","누군가 또는 무언가의 성격, 발전 또는 행동에 영향을 미칠 수 있는 능력","Words in Context | Command of Evidence | Boundaries | Rhetorical Synthesis","Medium | Easy | Hard",5
"influential","adjective","having a lot of influence on someone or something","누군가 또는 무언가에 많은 영향을 미치는",2,"having the power to cause changes or affect outcomes","변화를 일으키거나 결과에 영향을 미칠 수 있는","Central Ideas and Details","Medium",1
"infrastructure","noun","the basic physical and organizational structures and facilities needed for the operation of a society or enterprise","사회의 운영에 필요한 기본적인 물리적 및 조직적 구조와 시설",2,"the underlying foundation or basic framework of a system","시스템의 기본적인 기초 또는 기본 구조","Boundaries","Medium",1
"innocuous","adjective","not harmful or offensive","해롭거나 불쾌하지 않은",2,"producing no injury or harm; harmless","부상이나 해를 일으키지 않는; 무해한","Text Structure and Purpose","Medium",1
"innovative","adjective","introducing or using new ideas or methods","새로운 아이디어나 방법을 도입하거나 사용하는",2,"characterized by the introduction of new ideas or methods","새로운 아이디어나 방법의 도입으로 특징지어짐","Boundaries","Easy",1
"inspire","verb","to fill with an animating, quickening, or exalting influence","영감을 주다",2,"to cause someone to do something","누군가가 무언가를 하도록 유도하다","Words in Context | Transitions","Hard | Medium",2
"inspired","verb","to fill with an animating, quickening, or exalting influence","영감을 주다",2,"to draw upon as a source of creativity or influence","창의성이나 영향을 주는 원천으로 삼다","Boundaries","Easy",1
"instrumental","adjective","serving as a means or instrument","수단이나 도구로서의 역할을 하는",2,"having a significant role or effect","중요한 역할이나 영향을 미치는","Transitions | Text Structure and Purpose | Boundaries","Easy | Medium",3
"intense","adjective","existing or occurring in a high or extreme degree","높거나 극단적인 정도로 존재하거나 발생하는",2,"having a strong effect or being very noticeable","강한 영향을 미치거나 매우 눈에 띄는","Boundaries","Hard",1
"intensify","verb","to make more intense or stronger","더 강렬하게 만들다",2,"to increase in degree or strength","정도나 강도를 증가시키다","Central Ideas and Details","Medium",1
"interest","noun","the feeling of wanting to know or learn about something or someone","무언가 또는 누군가에 대해 알고 싶거나 배우고 싶어하는 감정",2,"a sense of concern or involvement","관심이나 참여의 감각","Text Structure and Purpose","Easy",1
"interpretation","noun","the act of explaining the meaning of something","무언가의 의미를 설명하는 행위",2,"a way of explaining or understanding something, often subjective","무언가를 설명하거나 이해하는 방법, 종종 주관적이다","Cross-Text Connections","Easy",1
"interrogate","verb","to ask questions of (someone) closely, aggressively, or formally","(누구에게) 면밀히, 공격적으로, 또는 공식적으로 질문하다",2,"to examine or inquire into (something) thoroughly","(무언가를) 철저히 조사하거나 문의하다","Form, Structure, and Sense","Hard",1
"intersect","verb","to meet or cross at a point","한 점에서 만나다 또는 교차하다",2,"to have elements in common","공통 요소를 가지다","Words in Context","Hard",1
"intimacy","noun","close familiarity or friendship; closeness","친밀한 친분이나 우정; 가까움",2,"a private or secretive relationship","사적이거나 비밀스러운 관계","Text Structure and Purpose","Hard",1
"intricate","adjective","having many complexly arranged elements; elaborate","복잡하게 배열된 요소가 많은; 정교한",2,"having many interrelated parts; complex","많은 상호 관련된 부분이 있는; 복잡한","Words in Context | Central Ideas and Details","Medium | Hard",2
"intriguing","adjective","arousing one's curiosity or interest; fascinating","호기심이나 관심을 불러일으키는; 매혹적인",2,"having a quality that attracts attention or interest","관심이나 주목을 끄는 특성","Words in Context","Hard",1
"invalid","adjective","not valid","유효하지 않은",2,"not comprehensible","이해할 수 없는","Command of Evidence","Medium",1
"invalidate","verb","to make invalid","무효로 하다",2,"to nullify or make ineffective","무효화하다","Words in Context","Medium",1
"invent","verb","to create or produce (something useful) for the first time","처음으로 (유용한 것을) 만들거나 생산하다",2,"to devise or contrive (a method or tool)","(방법이나 도구를) 고안하거나 구상하다","Words in Context","Hard",1
"invention","noun","the act of creating something for the first time","무언가를 처음으로 만드는 행위",2,"a device, contrivance, or process originated after study and experimentation","연구와 실험 후에 만들어진 장치, 기구 또는 과정","Form, Structure, and Sense","Medium",1
"inviting","adjective","having a pleasant or appealing quality","즐거운 또는 매력적인 특성을 가진",2,"encouraging or tempting someone to do something","누군가가 무언가를 하도록 유도하거나 유혹하는","Form, Structure, and Sense","Hard",1
"is","verb","3rd person singular present of be","be의 3인칭 단수 현재형",2,"used to indicate existence or identity","존재 또는 정체성을 나타내는 데 사용","Transitions","Easy",1
"isolate","verb","to set apart or cut off from others","다른 것과 분리하거나 차단하다",2,"to cause to be alone or apart","혼자 또는 따로 있게 하다","Text Structure and Purpose","Hard",1
"it","pronoun","used to refer to a thing previously mentioned or easily identified","앞서 언급되었거나 쉽게 식별할 수 있는 것을 지칭하는 데 사용됨",2,"used to introduce a clause or statement","절이나 진술을 도입하는 데 사용됨","Transitions","Easy",1
"joined","verb","to become a member of or participate in","회원이 되다 또는 참여하다",2,"to come together or meet","함께 오다 또는 만나다","Form, Structure, and Sense","Hard",1
"joke","noun","a humorous anecdote or remark","유머러스한 일화 또는 발언",2,"something said or done to provoke laughter or amusement, often not taken seriously","웃음이나 즐거움을 유발하기 위해 말하거나 행한 것, 종종 진지하게 받아들여지지 않음","Cross-Text Connections","Hard",1
"journey","verb","to travel from one place to another","한 장소에서 다른 장소로 여행하다",2,"to make a long trip or migration","긴 여행이나 이주를 하다","Form, Structure, and Sense","Easy",1
"judge","verb","to form an opinion about through careful weighing of evidence and testing of premises","증거와 전제를 신중하게 따져서 의견을 형성하다",2,"to determine or assess the position or situation of something","무언가의 위치나 상황을 결정하거나 평가하다","Central Ideas and Details","Medium",1
"keeper","noun","one that keeps","보관하는 사람",2,"a person who has charge of something","무언가를 책임지는 사람","Central Ideas and Details","Medium",1
"kept","verb","to have or maintain possession of","소유하다 또는 유지하다",2,"to record or measure (time)","(시간을) 기록하거나 측정하다","Boundaries","Medium",1
"knowledge","noun","the fact or condition of being aware of something","무언가를 알고 있는 사실 또는 상태",2,"the range of one's information or understanding","정보나 이해의 범위","Inferences","Hard",1
"lacked","verb","to be without","없다",2,"to fail to have or experience something","무언가를 가지지 않거나 경험하지 못하다","Words in Context","Hard",1
"laid","verb","to put down in a flat position","평평한 위치에 놓다",2,"to produce (an egg)","(알을) 낳다","Inferences","Medium",1
"languish","verb","to become weak","약해지다",2,"to suffer from being forced to remain in an unpleasant situation","불쾌한 상황에 강제로 남겨져 고통받다","Central Ideas and Details","Medium",1
"large","adjective","of considerable or relatively great size, height, weight, number, power, or capacity","상당한 또는 상대적으로 큰 크기, 높이, 무게, 수, 힘 또는 용량의",3,"great in quantity or degree","양이나 정도가 큰","Command of Evidence","Easy",1
"layer","verb","to arrange in layers","층으로 배열하다",2,"to place one thing over another","한 가지를 다른 것 위에 놓다","Words in Context","Medium",1
"leach","verb","to remove (a soluble substance) from a material by the action of a liquid passing through it","액체가 통과하면서 물질에서 (용해 가능한 물질을) 제거하다",2,"to cause (a substance) to be washed out or removed from something","(물질이) 어떤 것에서 씻겨 나가거나 제거되도록 하다","Cross-Text Connections","Hard",1
"lead","verb","to guide on a way especially by going in advance","특히 앞서서 길을 안내하다",2,"to direct or conduct (a group) in a particular manner","특정 방식으로 (그룹)을 지휘하거나 이끌다","Text Structure and Purpose","Medium",1
"leap","verb","to spring or jump from a surface","표면에서 튀어 오르다",3,"to move quickly or suddenly","빠르거나 갑자기 움직이다","Text Structure and Purpose","Medium",1
"learn","verb","to gain knowledge or skill by studying, practicing, being taught, or experiencing something","무언가를 공부하거나 연습하거나 가르침을 받거나 경험함으로써 지식이나 기술을 얻다",2,"to come to know or understand something","무언가를 알게 되거나 이해하게 되다","Form, Structure, and Sense","Easy",1
"leave","verb","to allow to remain","남겨두다",2,"to cause to be in a specified state or condition","특정 상태나 조건에 두다","Words in Context | Form, Structure, and Sense","Medium | Easy",2
"left","verb","to allow to remain","남겨두다",2,"to depart from a place","장소를 떠나다","Boundaries","Hard",1
"lend","verb","to give (something) to someone for a period of time","(무언가를) 누군가에게 일정 기간 동안 주다",2,"to provide or contribute (a quality or characteristic)","(특성이나 특질을) 제공하거나 기여하다","Form, Structure, and Sense","Medium",1
"less","adverb","to a smaller extent or degree","더 작은 정도로",2,"not as much","그만큼 많이 아님","Words in Context","Hard",1
"lift","verb","to raise to a higher position","더 높은 위치로 올리다",2,"to raise (as in weight)","(무게를) 들어올리다","Boundaries","Medium",1
"light","noun","something that makes things visible or affords illumination","사물을 보이게 하거나 조명을 제공하는 것",2,"the natural agent that stimulates sight and makes things visible","시각을 자극하고 사물을 보이게 하는 자연적인 요소","Boundaries | Cross-Text Connections | Text Structure and Purpose | Central Ideas and Details | Form, Structure, and Sense","Hard | Medium",6
"limited","adjective","restricted in size, amount, or extent","크기, 양 또는 범위가 제한된",2,"not fully representative or inclusive","완전히 대표적이거나 포괄적이지 않은","Words in Context | Cross-Text Connections | Form, Structure, and Sense","Medium | Easy | Hard",4
"line","verb","to form a line","선을 형성하다",2,"to cover or fill the inside surface of something","무언가의 내부 표면을 덮거나 채우다","Boundaries","Easy",1
"link","verb","to connect or join","연결하다",2,"to establish a relationship or connection","관계나 연결을 설정하다","Boundaries | Text Structure and Purpose","Easy | Medium",2
"listeners","noun","a person who listens","듣는 사람",2,"a person who pays attention to or is affected by something","무언가에 주의를 기울이거나 영향을 받는 사람","Transitions","Medium",1
"literature","noun","written works, especially those considered of superior or lasting artistic merit","특히 우수하거나 지속적인 예술적 가치를 지닌 문서",2,"the body of written works produced in a particular language, culture, or period","특정 언어, 문화 또는 시대에 생산된 문서의 집합","Cross-Text Connections","Medium",1
"live","verb","to remain alive","살아 있다",3,"to experience a particular kind of life","특정한 종류의 삶을 경험하다","Command of Evidence","Medium",1
"logical","adjective","of or relating to logic","논리의",2,"reasonable or sensible","합리적이거나 이치에 맞는","Form, Structure, and Sense","Medium",1
"lose","verb","to be deprived of; to cease to have","잃다; 가지지 않게 되다",2,"to part with or let go of something","무언가를 놓아주거나 포기하다","Transitions","Easy",1
"luxury","noun","a condition of great comfort or elegance","큰 편안함이나 우아함의 상태",2,"something that is not essential but is desirable","필수적이지 않지만 바람직한 것","Form, Structure, and Sense","Easy",1
"maintain","verb","to keep in an existing state or condition","존재하는 상태나 조건을 유지하다",2,"to continue or preserve a certain condition or state","특정한 상태나 조건을 계속하거나 보존하다","Transitions","Medium",1
"make","verb","to cause to exist or happen","존재하게 하거나 발생하게 하다",2,"to consider or regard in a specified way","특정한 방식으로 고려하거나 간주하다","Boundaries","Medium",1
"manage","verb","to handle or direct with a degree of skill","기술의 정도로 처리하거나 지휘하다",2,"to take charge of or oversee","책임을 지거나 감독하다","Transitions","Medium",1
"management","noun","the act or process of managing","관리하는 행위 또는 과정",3,"the judicious use of resources","자원의 신중한 사용","Text Structure and Purpose","Easy",1
"manifest","verb","to make evident or certain by showing","보여줌으로써 분명하게 하다",2,"to become apparent or visible","명백하거나 보이게 되다","Text Structure and Purpose","Hard",1
"many","adjective","a large number of","많은 수의",2,"a significant number of","상당한 수의","Transitions | Boundaries","Hard | Medium",2
"map","noun","a representation of an area","지역의 표현",2,"a mental representation or plan","정신적 표현 또는 계획","Text Structure and Purpose | Rhetorical Synthesis","Medium",2
"margin","noun","the edge or border of something","무언가의 가장자리 또는 경계",2,"the amount by which something is won or lost","무언가가 이기거나 지는 정도","Text Structure and Purpose","Medium",1
"mark","verb","to make a visible impression or stain on","눈에 띄는 자국이나 얼룩을 남기다",2,"to indicate or signify","나타내거나 의미하다","Central Ideas and Details","Medium",1
"may","verb","to be allowed to","~할 수 있다",2,"to express possibility","가능성을 표현하다","Transitions","Medium",1
"mean","verb","to have in the mind as a purpose","목적을 염두에 두다",2,"to signify or represent","의미하다","Transitions | Inferences | Central Ideas and Details | Command of Evidence","Easy | Hard | Medium",4
"means","noun","a method or way of doing something","무언가를 하는 방법 또는 방식",2,"a resource or financial support","자원 또는 재정적 지원","Inferences","Hard",1
"measure","verb","to ascertain the extent, quantity, or amount of something","무언가의 범위, 양 또는 양을 확인하다",2,"to represent or express the extent of something","무언가의 범위를 나타내거나 표현하다","Form, Structure, and Sense | Text Structure and Purpose | Command of Evidence","Easy | Hard | Medium",4
"medium","noun","a means of doing something","무언가를 하는 수단",2,"a material or form used by an artist","예술가가 사용하는 재료 또는 형태","Rhetorical Synthesis","Medium",1
"meticulous","adjective","marked by extreme or excessive care in the consideration or treatment of details","세부 사항에 대한 극단적이거나 과도한 주의로 특징지어짐",2,"marked by precise accordance with details","세부 사항과의 정확한 일치를 특징으로 함","Transitions","Medium",1
"mimic","verb","to imitate closely","밀접하게 모방하다",2,"to resemble or simulate","유사하거나 시뮬레이션하다","Rhetorical Synthesis","Medium",1
"mind","noun","the element of a person that enables them to be aware of the world and their experiences, to think, and to feel","사람이 세상과 자신의 경험을 인식하고, 생각하고, 느낄 수 있게 해주는 요소",2,"the faculty of consciousness and thought","의식과 사고의 능력","Boundaries","Medium",1
"minor","adjective","small in size, amount, or degree","크기, 양 또는 정도가 작은",2,"not important or significant","중요하지 않거나 의미가 없는","Form, Structure, and Sense","Easy",1
"mitigate","verb","to make less severe or painful","덜 심각하게 하다",2,"to lessen the intensity or severity of something","무언가의 강도나 심각성을 줄이다","Text Structure and Purpose","Easy",1
"mode","noun","a way or manner of doing something","무언가를 하는 방법이나 방식",2,"a particular form or style of literature or art","문학이나 예술의 특정한 형태나 스타일","Boundaries","Hard",1
"model","noun","a three-dimensional representation of a person or thing or of a proposed structure,","사람이나 사물 또는 제안된 구조의 3차원 표현",2,"a system or thing used as an example to follow or imitate","따르거나 모방하기 위해 사용되는 시스템 또는 사물","Inferences | Cross-Text Connections","Easy | Hard",2
"modeled","verb","to form a representation of","표현하다",2,"to create a simulation or representation for analysis","분석을 위한 시뮬레이션 또는 표현을 만들다","Command of Evidence","Hard",1
"modern","adjective","of or relating to the present time or the recent past","현재 또는 최근 과거와 관련된",2,"characterized by the use of the latest techniques or ideas","최신 기술이나 아이디어의 사용으로 특징지어짐","Boundaries","Easy",1
"momentary","adjective","lasting for a very short time","매우 짧은 시간 동안 지속되는",2,"temporary or fleeting","일시적이거나 덧없는","Words in Context","Hard",1
"monitoring","verb","to watch, observe, or check something over a period of time","어떤 것을 일정 기간 동안 지켜보거나 관찰하다",2,"to observe and check the progress or quality of something","무언가의 진행이나 품질을 관찰하고 확인하다","Boundaries","Hard",1
"motion","noun","the act or process of moving","움직이는 행위 또는 과정",2,"a change in position or location","위치나 장소의 변화","Boundaries | Form, Structure, and Sense","Easy",2
"musicians","noun","a person who plays a musical instrument or is musically talented","악기를 연주하거나 음악적 재능이 있는 사람",2,"a person who composes, conducts, or performs music","음악을 작곡, 지휘 또는 연주하는 사람","Form, Structure, and Sense","Easy",1
"mysterious","adjective","difficult or impossible to understand, explain, or identify","이해하거나 설명하거나 식별하기 어려운",2,"having an aura of secrecy or intrigue","비밀이나 매력의 분위기를 가진","Form, Structure, and Sense","Medium",1
"myth","noun","a traditional story, especially one concerning the early history of a people or explaining a natural or social phenomenon","전통적인 이야기, 특히 한 민족의 초기 역사와 관련되거나 자연적 또는 사회적 현상을 설명하는 이야기",2,"a widely held but false belief or idea","널리 퍼져 있지만 잘못된 믿음이나 아이디어","Transitions","Hard",1
"name","verb","to give a name to","이름을 붙이다",3,"to identify or specify","식별하거나 지정하다","Text Structure and Purpose","Medium",1
"natural","adjective","existing in or caused by nature; not made or caused by humankind","자연에서 존재하거나 인간에 의해 만들어지거나 원인된 것이 아닌",2,"having a spontaneous or unforced quality","자발적이거나 강요되지 않은 특성을 가진","Inferences","Easy",1
"need","verb","to require (something)","필요하다",2,"to be in a state of requiring something","무언가를 필요로 하는 상태에 있다","Form, Structure, and Sense","Easy",1
"nod","noun","a quick downward motion of the head","머리의 빠른 아래쪽 움직임",2,"a gesture of acknowledgment or approval","인정 또는 승인에 대한 제스처","Boundaries","Easy",1
"nonrecyclable","adjective","not able to be recycled","재활용할 수 없는",2,"not suitable for recycling","재활용에 적합하지 않은","Transitions","Medium",1
"notate","verb","to write down","기록하다",2,"to represent or record (as in numbers)","(숫자와 같은) 표현하거나 기록하다","Command of Evidence","Medium",1
"notoriously","adverb","famous or well-known, typically for some bad quality or deed","악명 높게",2,"in a way that is well-known or widely recognized","잘 알려진 방식으로","Boundaries","Hard",1
"now","adverb","at the present time","현재",2,"at this moment in time, indicating a change or new situation","현재 시점에서, 변화나 새로운 상황을 나타내는","Transitions","Easy",1
"nurse","verb","to feed or tend to (a baby or young animal)","아기나 어린 동물을 먹이거나 돌보다",3,"to care for or nurture (young)","(어린 것을) 돌보거나 양육하다","Form, Structure, and Sense","Hard",1
"oasis","noun","a fertile spot in a desert where water is found","물이 있는 사막의 비옥한 장소",2,"a place or situation that offers peace and happiness","평화와 행복을 제공하는 장소나 상황","Boundaries","Medium",1
"object","noun","a material thing that can be seen and touched","볼 수 있고 만질 수 있는 물질적 사물",2,"something that is a focus of attention or concern","관심이나 우려의 초점이 되는 것","Form, Structure, and Sense | Command of Evidence","Easy | Hard",2
"obscured","verb","to make (something) difficult to see","(무언가를) 보기 어렵게 만들다",3,"to make (something) difficult to understand or perceive","(무언가를) 이해하거나 인식하기 어렵게 만들다","Text Structure and Purpose","Hard",1
"obscurity","noun","the state of being unknown","알려지지 않은 상태",2,"the condition of being difficult to understand or unclear","이해하기 어렵거나 불분명한 상태","Central Ideas and Details","Medium",1
"observe","verb","to watch carefully","주의 깊게 보다",2,"to follow or adhere to (a tradition)","(전통을) 따르다 또는 준수하다","Words in Context","Medium",1
"observed","verb","to watch carefully","주의 깊게 관찰하다",3,"to make a remark or comment","발언하거나 언급하다","Text Structure and Purpose | Inferences","Hard",2
"occasion","noun","a favorable opportunity or circumstance","유리한 기회나 상황",2,"the reason or cause for something","무언가의 이유나 원인","Boundaries","Hard",1
"occupied","verb","to take or hold possession or control of","차지하다, 점유하다",2,"to reside or live in a place","어떤 장소에 거주하다","Boundaries","Medium",1
"occur","verb","to take place","발생하다",2,"to be found or to be present","존재하다 또는 발견되다","Text Structure and Purpose","Medium",1
"of","preposition","used to indicate belonging or a relationship","소속 또는 관계를 나타내는 데 사용됨",2,"used to indicate a part or a subset of something","무언가의 일부 또는 하위 집합을 나타내는 데 사용됨","Transitions","Hard",1
"offset","verb","to counterbalance or compensate for","상쇄하다 또는 보상하다",2,"to counteract or balance out","상쇄하거나 균형을 맞추다","Words in Context | Cross-Text Connections","Medium | Easy",2
"one","adjective","a single unit","하나의 단위",2,"a particular or specific one","특정한 하나","Form, Structure, and Sense","Easy",1
"only","adverb","without others or as the sole one","다른 것 없이 또는 유일한 하나로",2,"no more than; merely","단지; 겨우","Transitions","Easy",1
"open","adjective","not closed or blocked","닫히지 않거나 차단되지 않은",2,"accessible or welcoming","접근 가능하거나 환영하는","Text Structure and Purpose","Medium",1
"openness","noun","the quality of being open; lack of restriction","개방의 질; 제한의 부족",2,"the willingness to consider new ideas or experiences","새로운 아이디어나 경험을 고려할 의지","Boundaries","Hard",1
"ordinary","adjective","of no special quality or interest; commonplace","특별한 품질이나 흥미가 없는; 평범한",2,"normal or usual; not special or different","정상적이거나 일반적인; 특별하거나 다른 것이 아닌","Central Ideas and Details","Easy",1
"organ","noun","a part of an organism that is typically self-contained and has a specific vital function","유기체의 일반적으로 자립적인 부분으로 특정한 중요한 기능을 가진",2,"a structure or part that performs a specific function in a system","시스템에서 특정 기능을 수행하는 구조 또는 부분","Boundaries","Medium",1
"overlook","verb","to fail to notice","간과하다",2,"to ignore or neglect","무시하거나 소홀히 하다","Text Structure and Purpose","Medium",1
"overstate","verb","to state too strongly or too emphatically","너무 강하게 또는 너무 강조하여 말하다",2,"to exaggerate or make something seem more important than it is","과장하거나 어떤 것이 실제보다 더 중요하게 보이게 하다","Text Structure and Purpose","Hard",1
"pack","verb","to fill a container tightly with something","무언가로 용기를 꽉 채우다",2,"to prepare or arrange for a journey or event","여행이나 사건을 위해 준비하거나 정리하다","Form, Structure, and Sense","Easy",1
"package","noun","a bundle of something, usually wrapped or boxed","무언가의 묶음, 보통 포장되거나 상자에 담긴",2,"the act of preparing a product for sale or distribution","판매 또는 배포를 위한 제품 준비 행위","Boundaries","Easy",1
"panel","noun","a flat or curved component that forms or is set into the surface of a larger object","더 큰 물체의 표면을 형성하거나 그 안에 설정된 평평하거나 곡선형의 구성 요소",2,"a distinct section or division of a larger work or structure","더 큰 작업이나 구조의 뚜렷한 섹션 또는 구분","Form, Structure, and Sense","Medium",1
"part","verb","to divide or separate","나누다 또는 분리하다",2,"to leave or say goodbye","떠나거나 작별 인사를 하다","Words in Context","Hard",1
"passage","noun","a portion of written text","작성된 텍스트의 일부",2,"the act of moving from one place to another","한 장소에서 다른 장소로 이동하는 행위","Rhetorical Synthesis","Hard",1
"passive","adjective","not active","비활성의",2,"accepting or allowing what happens without active response or resistance","적극적인 반응이나 저항 없이 발생하는 것을 수용하거나 허용하는","Command of Evidence | Central Ideas and Details","Hard | Medium",2
"patent","verb","to obtain a patent for (an invention)","(발명에 대한) 특허를 받다",2,"to make or create (something)","(무언가를) 만들다 또는 창조하다","Form, Structure, and Sense","Easy",1
"pause","verb","to temporarily stop","일시적으로 멈추다",2,"to delay or suspend an action","행동을 지연시키거나 중단하다","Transitions","Easy",1
"percent","noun","one part in every hundred","백분의 일",2,"a proportion or share in relation to a whole","전체에 대한 비율 또는 몫","Boundaries","Easy",1
"perform","verb","to carry out an action or task","행동이나 작업을 수행하다",2,"to act in a way intended to impress others","다른 사람에게 인상을 주기 위해 행동하다","Transitions","Medium",1
"persuade","verb","to cause (someone) to do something through reasoning or argument","설득하다",2,"to convince or influence someone to adopt a particular belief or course of action","특정 신념이나 행동 방침을 채택하도록 설득하다","Words in Context","Medium",1
"phase","noun","a particular point in a process","과정의 특정 지점",2,"a stage in a process of change or development","변화 또는 발전의 단계","Boundaries","Easy",1
"pioneer","noun","a person who is one of the first to settle in a new area","새로운 지역에 정착한 최초의 사람",2,"a person who helps create or develop new ideas or methods","새로운 아이디어나 방법을 창출하거나 개발하는 사람","Words in Context","Medium",1
"pioneering","adjective","relating to the first or earliest in a particular field","특정 분야에서 최초 또는 초기와 관련된",2,"introducing new ideas or methods","새로운 아이디어나 방법을 도입하는","Boundaries","Hard",1
"place","noun","a particular position or point in space","특정 위치 또는 공간의 지점",2,"a particular condition or situation","특정 조건 또는 상황","Form, Structure, and Sense","Easy",1
"placebo","noun","a substance having no pharmacological effect but given merely to satisfy a patient who supposes it to be a medicine","약효가 없는 물질이지만 약으로 생각하는 환자를 만족시키기 위해 주어진 것",2,"a medically inactive substance used in clinical trials","임상 시험에서 사용되는 의학적으로 비활성 물질","Command of Evidence","Medium",1
"plant","noun","a living organism that typically grows in a permanent site, absorbing water and nutrients through its roots","영구적인 장소에서 자라며 뿌리를 통해 물과 영양분을 흡수하는 생물체",2,"a place where an industrial or manufacturing process takes place","산업 또는 제조 과정이 이루어지는 장소","Boundaries","Easy",1
"plateau","verb","to reach a state of little or no change after a time of activity or progress","활동이나 진행 후 변화가 거의 없거나 없는 상태에 도달하다",2,"to remain at a stable level after a period of growth or progress","성장이나 진행 기간 후 안정적인 수준에 머무르다","Cross-Text Connections","Medium",1
"play","verb","to engage in activity for enjoyment and recreation","즐거움과 오락을 위해 활동에 참여하다",2,"to engage in an activity that is not serious or is done for enjoyment","진지하지 않거나 즐거움을 위해 하는 활동에 참여하다","Cross-Text Connections | Boundaries","Easy | Hard",2
"plead","verb","to make an emotional appeal","감정적인 호소를 하다",2,"to present and argue for (a position)","(입장을) 제시하고 주장하다","Form, Structure, and Sense","Medium",1
"pointing","verb","to direct attention to something","무언가에 주의를 기울이도록 하다",2,"to indicate or signify something","무언가를 나타내거나 의미하다","Text Structure and Purpose","Medium",1
"popularity","noun","the state of being liked or admired by many people","많은 사람들에게 좋아하거나 존경받는 상태",2,"the state of being well-known or accepted","잘 알려지거나 받아들여지는 상태","Words in Context","Medium",1
"portrait","noun","a likeness of a person, especially one showing the face","특히 얼굴을 보여주는 사람의 초상",2,"a representation of a landscape or scene","풍경이나 장면의 표현","Form, Structure, and Sense | Boundaries","Easy | Hard",2
"portray","verb","to represent or depict someone or something in a work of art or literature","예술 작품이나 문학에서 누군가 또는 무언가를 나타내거나 묘사하다",2,"to describe or represent in a particular way","특정한 방식으로 설명하거나 나타내다","Words in Context","Medium",1
"power","noun","the ability or capacity to do something or act in a particular way","무언가를 하거나 특정 방식으로 행동할 수 있는 능력 또는 능력",3,"the rate at which work is done or energy is transferred","일이 수행되거나 에너지가 전달되는 비율","Command of Evidence | Text Structure and Purpose","Hard | Medium",2
"powered","verb","to supply with power","전력을 공급하다",2,"to be energized or activated","에너지를 공급받거나 활성화되다","Boundaries","Medium",1
"praise","noun","a favorable judgment","호의적인 판단",2,"expressions of approval or admiration","승인 또는 찬사의 표현","Boundaries","Hard",1
"prefer","verb","to like one thing better than another","다른 것보다 한 가지를 더 좋아하다",2,"to choose or favor one option over another","한 가지 옵션을 다른 것보다 선택하거나 선호하다","Boundaries","Easy",1
"present","adjective","being in view or at hand","눈에 보이거나 가까이에 있는",2,"existing or occurring now","현재 존재하거나 발생하는","Words in Context | Central Ideas and Details","Medium | Hard",2
"preserved","verb","to keep safe from injury, harm, or destruction","부상, 해, 또는 파괴로부터 안전하게 지키다",2,"to maintain in a particular condition or state","특정한 상태나 조건을 유지하다","Central Ideas and Details","Medium",1
"preserving","verb","to keep safe from harm or injury","해치거나 부상당하지 않도록 안전하게 지키다",2,"to maintain in its original or existing state","원래 또는 기존 상태로 유지하다","Rhetorical Synthesis","Hard",1
"presume","verb","to take for granted or assume","당연하게 여기다 또는 가정하다",2,"to suppose something is true based on probability","확률에 따라 어떤 것이 사실이라고 추측하다","Central Ideas and Details","Hard",1
"previous","adjective","existing or occurring before in time or order","시간이나 순서상에서 이전에 존재하거나 발생하는",2,"having been done, made, or used before","이전에 수행되었거나 만들어졌거나 사용된","Words in Context","Hard",1
"primary","adjective","first in order of time or development","시간이나 발전의 순서에서 첫 번째",2,"of chief importance","주요한 중요성의","Cross-Text Connections","Hard",1
"primitive","adjective","relating to the earliest age or period","가장 초기의 시대 또는 기간과 관련된",2,"lacking in sophistication or complexity","세련됨이나 복잡성이 결여된","Words in Context","Medium",1
"principal","adjective","most important","가장 중요한",2,"a person who has controlling authority","지배 권한을 가진 사람","Cross-Text Connections | Text Structure and Purpose","Hard | Medium",2
"prior","adjective","existing or coming before in time, order, or importance","시간, 순서 또는 중요성에서 이전 또는 오는",2,"earlier in time","시간상 더 이른","Transitions","Hard",1
"privileging","verb","to grant a privilege to","특권을 부여하다",2,"to treat as more important or special","더 중요하거나 특별하게 대하다","Central Ideas and Details","Hard",1
"prized","verb","to value highly","높이 평가하다",3,"to regard as precious or valuable","소중하거나 가치 있는 것으로 여기다","Command of Evidence","Hard",1
"process","noun","a series of actions or steps taken to achieve a particular end","특정한 결과를 얻기 위해 취하는 일련의 행동이나 단계",3,"a continuous series of changes or functions","연속적인 변화나 기능의 시리즈","Words in Context","Hard",1
"produce","verb","to bring forth or yield","산출하다",2,"to create or develop something","무언가를 창조하거나 개발하다","Boundaries","Hard",1
"profile","noun","a representation of something, especially a person’s face, as seen from one side","측면에서 본 사람의 얼굴을 포함한 어떤 것의 표현",2,"a set of characteristics or qualities that describe someone or something","누군가 또는 무언가를 설명하는 특성 또는 품질의 집합","Cross-Text Connections","Hard",1
"prominent","adjective","standing out so as to be easily seen","쉽게 보이도록 눈에 띄는",2,"widely and popularly known","널리 알려진","Rhetorical Synthesis","Hard",1
"promising","adjective","showing promise of success or improvement","성공이나 개선의 가능성을 보이는",2,"likely to be successful or favorable in the future","미래에 성공적이거나 유리할 가능성이 있는","Text Structure and Purpose","Hard",1
"promote","verb","to contribute to the growth or prosperity of","성장이나 번영에 기여하다",3,"to cause or help to happen","발생하게 하다","Inferences","Hard",1
"pronounce","verb","to declare officially or ceremoniously","공식적으로 또는 의식적으로 선언하다",2,"to articulate the sounds of (a word)","(단어의) 소리를 발음하다","Form, Structure, and Sense","Easy",1
"prose","noun","the ordinary form of spoken or written language","일반적인 구어 또는 서면 언어의 형태",2,"written language that is not poetry","시가 아닌 서면 언어","Boundaries","Medium",1
"protected","verb","to keep safe from harm or injury","해를 입지 않도록 지키다",2,"to keep something from being affected by something harmful","해로운 것에 의해 영향을 받지 않도록 유지하다","Inferences","Medium",1
"provide","verb","to make available","이용 가능하게 하다",2,"to supply or furnish","공급하다","Form, Structure, and Sense","Easy",1
"provisioning","noun","the act of supplying or providing something","공급 또는 제공 행위",2,"the act of providing material resources from the ecosystem","생태계에서 물질 자원을 제공하는 행위","Command of Evidence","Hard",1
"pull","noun","to exert force on (someone or something) so as to cause movement toward oneself","(누군가 또는 무언가에) 힘을 가하여 자신 쪽으로 움직이게 하다",2,"a force that attracts or draws something toward another object","다른 물체로 끌어당기는 힘","Form, Structure, and Sense","Easy",1
"put","verb","to place in a specified position","지정된 위치에 놓다",2,"to cause to be in a specified state or condition","특정 상태나 조건에 두다","Central Ideas and Details","Easy",1
"queer","adjective","strange or odd","이상한 또는 기이한",2,"differing from the usual or expected","일반적이거나 예상되는 것과 다른","Text Structure and Purpose","Medium",1
"quench","verb","to put out (a fire)","불을 끄다",2,"to suppress or extinguish (a process or activity)","(과정이나 활동을) 억제하다 또는 소멸시키다","Rhetorical Synthesis","Hard",1
"quick","adjective","moving fast or doing something in a short time","빠르게 움직이거나 짧은 시간 안에 무언가를 하는",2,"mentally agile or clever","정신적으로 민첩하거나 영리한","Text Structure and Purpose","Easy",1
"quicker","adjective","moving fast or doing something in a short time","빠르거나 짧은 시간에 무언가를 하는",2,"happening with greater speed or frequency","더 큰 속도나 빈도로 발생하는","Transitions","Easy",1
"quiet","adjective","making little or no noise","소음을 거의 내지 않는",2,"not showy or ostentatious","눈에 띄지 않거나 과시적이지 않은","Boundaries","Hard",1
"radiant","adjective","shining or glowing","빛나는 또는 빛을 발하는",2,"expressing joy or happiness","기쁨이나 행복을 표현하는","Central Ideas and Details","Easy",1
"raise","verb","to lift or move to a higher position","높이거나 이동시키다",2,"to care for and nurture (young)","(어린 것을) 돌보고 기르다","Text Structure and Purpose | Command of Evidence | Boundaries","Easy | Hard",3
"rally","verb","to bring (people) together for a common purpose","(사람들을) 공동의 목적을 위해 모으다",3,"to come together again after a period of disorganization or dispersion","혼란이나 분산 후 다시 모이다","Cross-Text Connections","Easy",1
"rambling","adjective","moving from place to place without a fixed plan; wandering","정해진 계획 없이 이곳저곳을 이동하는; 방황하는",2,"characterized by a lack of coherence or order; disorganized","일관성이나 질서가 결여된; 무질서한","Words in Context","Hard",1
"range","noun","a series of things in a line","일렬로 배열된 것들의 시리즈",2,"the extent or scope of something","무언가의 범위 또는 범위","Boundaries","Easy",1
"rank","verb","to arrange in a particular order","특정 순서로 배열하다",2,"to be classified or regarded in a particular way","특정 방식으로 분류되거나 간주되다","Form, Structure, and Sense","Medium",1
"ranked","verb","to arrange in a particular order","특정 순서로 배열하다",2,"to assign a position in a hierarchy or scale","계층 또는 척도에서 위치를 부여하다","Command of Evidence","Easy",1
"rather","adverb","to a certain or specified degree or extent","어느 정도 또는 특정한 정도로",2,"instead","대신에","Transitions","Hard | Medium",2
"reach","verb","to stretch out (one's hand)","손을 뻗다",2,"to arrive at or attain (a goal or level)","목표나 수준에 도달하다","Form, Structure, and Sense","Easy",1
"reacted","verb","to act in response to something","무언가에 반응하다",2,"to undergo a chemical change","화학적 변화를 겪다","Form, Structure, and Sense | Inferences","Easy | Hard",2
"read","verb","to look at and comprehend the meaning of written or printed matter","서면 또는 인쇄된 내용을 보고 이해하다",2,"to interpret or understand in a particular way","특정한 방식으로 해석하거나 이해하다","Central Ideas and Details","Hard",1
"reclaim","verb","to get back (something lost)","잃어버린 것을 되찾다",2,"to bring back to a condition of use or improvement","사용 가능하거나 개선된 상태로 되돌리다","Boundaries","Easy",1
"recognizable","adjective","able to be recognized","인식할 수 있는",2,"capable of being identified or distinguished","식별되거나 구별될 수 있는","Form, Structure, and Sense","Easy",1
"recognize","verb","to identify someone or something seen before","이전에 본 사람이나 사물을 식별하다",2,"to acknowledge the existence or validity of something","무언가의 존재나 유효성을 인정하다","Inferences","Hard | Medium",2
"reconcile","verb","to restore to friendship or harmony","우정이나 조화를 회복하다",2,"to make (two apparently conflicting things) compatible","(두 개의 겉보기에 상충하는 것을) 호환 가능하게 만들다","Words in Context","Medium",1
"record","noun","a written account of something","무언가에 대한 서면 기록",2,"an account or representation of something","무언가에 대한 설명 또는 표현","Central Ideas and Details","Easy",1
"recovery","noun","the act of regaining or saving something lost","잃어버린 것을 되찾거나 구하는 행위",2,"the process of returning to a normal state after a setback or problem","문제나 좌절 후 정상 상태로 돌아가는 과정","Boundaries","Medium",1
"reduce","verb","to bring down to a smaller extent, size, amount, number, etc.","더 작은 정도, 크기, 양, 숫자로 줄이다.",2,"to diminish in number or size","수나 크기를 줄이다","Form, Structure, and Sense | Inferences | Central Ideas and Details","Easy | Hard | Medium",3
"reed","noun","a tall, slender-leaved plant of the grass family that grows in water or on marshy ground","물가나 습기 있는 땅에서 자라는 길고 가느다란 잎을 가진 풀",2,"a thin strip of material that vibrates to produce sound in a musical instrument","악기에서 소리를 내기 위해 진동하는 얇은 재료 조각","Boundaries","Easy",1
"refer","verb","to mention or allude to","언급하다 또는 암시하다",2,"to direct attention to","주목하게 하다","Transitions","Medium",1
"reflect","verb","to throw back without absorbing","흡수하지 않고 되돌려 보내다",2,"to show or demonstrate (a quality or characteristic)","(특성이나 특질을) 나타내다 또는 보여주다","Words in Context | Text Structure and Purpose | Command of Evidence | Transitions | Form, Structure, and Sense","Hard | Easy | Medium",7
"reflective","adjective","of or relating to reflection","반사와 관련된",2,"thoughtful or contemplative","사려 깊은 또는 사색적인","Command of Evidence","Hard",1
"reflects","verb","to throw back without absorbing it","흡수하지 않고 되돌려 보내다",2,"to show or demonstrate","보여주거나 입증하다","Command of Evidence","Medium",1
"refuse","verb","to indicate or show that one is not willing to do something","무언가를 하기를 원하지 않다고 나타내거나 보여주다",2,"to resist or oppose something","무언가에 저항하거나 반대하다","Boundaries","Medium",1
"regard","verb","to look at or think of (someone or something) in a specified way","(누군가 또는 무언가를 특정한 방식으로) 바라보거나 생각하다",2,"to consider or think of in a particular way","특정한 방식으로 고려하거나 생각하다","Transitions","Medium",1
"reindeer","noun","a large deer with antlers","큰 뿔이 있는 사슴",2,"a specific species of deer known for its unique characteristics","특유의 특징으로 알려진 특정 사슴 종","Transitions","Easy",1
"relative","adjective","having a relation or connection","관계가 있거나 연결된",2,"considered in relation to something else","다른 것과 관련하여 고려된","Boundaries","Medium",1
"release","verb","to set free","자유롭게 하다",2,"to allow to be heard or to be made known","들리거나 알려지도록 허용하다","Transitions | Central Ideas and Details","Easy | Medium",3
"rely","verb","to depend on with full trust or confidence","전적인 신뢰나 확신을 가지고 의존하다",2,"to have confidence in something as a source of support","지원의 원천으로서 무언가에 대한 신뢰를 가지다","Words in Context","Medium",1
"remains","noun","the parts left over after other parts have been removed, used, or destroyed","다른 부분이 제거되거나 사용되거나 파괴된 후 남은 부분",2,"organic matter that has not decayed or decomposed","부패하거나 분해되지 않은 유기물","Form, Structure, and Sense","Medium",1
"remembered","verb","to bring to mind or think of again","다시 생각하다 또는 마음에 떠올리다",2,"to be recalled or recognized in a particular context","특정 맥락에서 회상되거나 인식되다","Transitions","Medium",1
"remind","verb","to cause to remember","기억하게 하다",3,"to bring to mind; to evoke","상기시키다","Transitions","Medium",1
"render","verb","to cause to be or become","~하게 하다",2,"to represent or depict artistically","예술적으로 표현하다","Boundaries","Hard",1
"replace","verb","to take the place of","대신하다",2,"to provide a substitute for","대체물을 제공하다","Inferences | Boundaries","Hard | Medium",2
"represent","verb","to stand for or in place of","대신하다 또는 대신하여 서다",2,"to depict or portray in art","예술에서 묘사하거나 표현하다","Cross-Text Connections | Form, Structure, and Sense","Easy | Medium",3
"require","verb","to need something","무언가가 필요하다",2,"to demand as necessary or essential","필수적이거나 필수로 요구하다","Words in Context | Boundaries | Cross-Text Connections | Transitions","Hard | Easy | Medium",4
"resisted","verb","to withstand, strive against","저항하다, 맞서다",2,"to refuse to accept or comply with","받아들이거나 따르기를 거부하다","Boundaries","Hard",1
"resourcefulness","noun","the ability to deal with difficult situations","어려운 상황을 처리하는 능력",2,"the ability to find quick and clever ways to overcome difficulties","어려움을 극복하는 빠르고 영리한 방법을 찾는 능력","Words in Context","Medium",1
"respond","verb","to say something in return","무언가를 대답하다",2,"to react or reply to a stimulus or inquiry","자극이나 문의에 반응하거나 응답하다","Command of Evidence | Boundaries","Hard",2
"restrict","verb","to limit the size, amount, or range of something","무언가의 크기, 양 또는 범위를 제한하다",2,"to confine within bounds","경계 내에 가두다","Boundaries","Hard",1
"restricts","verb","to limit the size, amount, or range of something","무언가의 크기, 양 또는 범위를 제한하다",2,"to limit or control the extent of something","무언가의 범위를 제한하거나 통제하다","Cross-Text Connections","Medium",1
"risk","verb","to expose to danger or harm","위험이나 해를 입히다",2,"to incur a loss or damage","손실이나 피해를 입다","Form, Structure, and Sense | Cross-Text Connections | Inferences","Easy | Hard",3
"river","noun","a large natural stream of water flowing in a channel to the sea, a lake, or another such stream","바다, 호수 또는 다른 그러한 하천으로 흐르는 큰 자연 수로",2,"a narrow channel of moisture","수분의 좁은 통로","Boundaries","Easy",1
"robust","adjective","having or exhibiting strength or vigorous health","강한 또는 활기찬 건강을 가지고 있거나 나타내는",2,"having a rich and full flavor or quality","풍부하고 완전한 맛이나 품질을 가진","Inferences","Medium",1
"role","noun","a character assigned or assumed","부여된 또는 가정된 역할",2,"a function or position that something has in a particular situation","특정 상황에서 어떤 것이 갖는 기능 또는 위치","Transitions","Hard",1
"rule","verb","to exercise control or authority over","지배하다",2,"to be in a specified state or condition","특정한 상태나 조건에 있다","Form, Structure, and Sense","Easy",1
"sacrifice","noun","the act of giving up something valued for the sake of something else regarded as more important or worthy","더 중요하거나 가치 있는 것을 위해 소중한 것을 포기하는 행위",2,"the act of offering something to a deity in worship","신에게 경배하기 위해 무언가를 바치는 행위","Boundaries","Easy",1
"salt","noun","a white crystalline substance that gives seawater its characteristic taste and is used for seasoning or preserving food","바다의 특유의 맛을 주고 음식의 양념이나 보존에 사용되는 흰 결정체",2,"a substance used in chemical processes or reactions","화학 과정이나 반응에 사용되는 물질","Rhetorical Synthesis","Medium",1
"same","adjective","identical with what is already mentioned or known","이미 언급되었거나 알려진 것과 동일한",2,"having no variation or difference; unchanging","변화나 차이가 없는; 변하지 않는","Text Structure and Purpose","Medium",1
"saturated","adjective","soaked or filled with liquid","액체로 흠뻑 젖은 또는 가득 찬",2,"having a strong intensity of color","강한 색의 강도를 가진","Inferences | Transitions","Hard | Medium",2
"savanna","noun","a grassy plain in tropical and subtropical regions, with few trees","열대 및 아열대 지역의 풀밭, 나무가 거의 없는",2,"a type of ecosystem characterized by open spaces and fewer trees compared to forests","숲에 비해 개방된 공간과 적은 나무로 특징지어지는 생태계의 한 유형","Transitions","Easy",1
"savant","noun","a person of profound or extensive learning; a learned scholar","깊이 있는 또는 광범위한 학습을 한 사람; 학자",2,"a person with detailed knowledge in a particular area","특정 분야에 대한 상세한 지식을 가진 사람","Text Structure and Purpose","Hard",1
"scaffold","noun","a temporary structure for holding workers and materials during the erection or repair of a building","건물의 건설 또는 수리를 위한 작업자와 자재를 지탱하는 임시 구조물",2,"a construction system known as a temporary support structure","임시 지지 구조물로 알려진 건설 시스템","Boundaries","Medium",1
"scene","noun","a place where an incident in real life or fiction occurs or occurred","사건이 발생한 장소",2,"a division of a play or film in which the action takes place in a single location","연극이나 영화의 한 장소에서 행동이 일어나는 부분","Boundaries","Easy",1
"scent","noun","a distinctive smell, especially one that is pleasant","특히 기분 좋은 독특한 냄새",3,"a quality that evokes memories or emotions","기억이나 감정을 불러일으키는 특성","Central Ideas and Details","Easy",1
"sculpture","noun","a three-dimensional work of art","3차원 예술 작품",2,"the art of making such works","그러한 작품을 만드는 예술","Boundaries","Hard",1
"search","verb","to look into or over carefully in an effort to find or discover something","무언가를 찾거나 발견하기 위해 주의 깊게 살펴보다",2,"to try to find something by looking or otherwise seeking carefully and thoroughly","주의 깊고 철저하게 찾거나 탐색하여 무언가를 찾으려 하다","Text Structure and Purpose","Medium",1
"secondary","adjective","next in order or importance","순서나 중요성에서 다음의",2,"occurring as a result or consequence of something else","다른 것의 결과로 발생하는","Boundaries","Easy",1
"see","verb","to perceive with the eyes","눈으로 인식하다",2,"to understand or comprehend","이해하다 또는 파악하다","Form, Structure, and Sense","Medium",1
"seeing","noun","the act of perceiving with the eyes","눈으로 인식하는 행위",2,"the ability to perceive or understand something","무언가를 인식하거나 이해하는 능력","Text Structure and Purpose","Medium",1
"select","verb","to choose in preference to another","다른 것보다 선택하다",2,"to determine or decide upon","결정하다 또는 선택하다","Central Ideas and Details | Inferences","Hard",2
"sense","noun","a faculty by which the body perceives an external stimulus","신체가 외부 자극을 인식하는 능력",2,"a particular feeling or perception","특정한 감정이나 인식","Words in Context | Command of Evidence","Medium | Hard",2
"sensory","adjective","of or relating to sensation or to the senses","감각 또는 감각에 관한",2,"relating to the physical senses rather than the intellect","지성보다는 신체 감각과 관련된","Transitions","Hard",1
"serve","verb","to perform duties or services for another person or an organization","다른 사람이나 조직을 위해 의무나 서비스를 수행하다",2,"to be of use or benefit to","유용하거나 이익이 되다","Inferences | Form, Structure, and Sense","Easy | Medium",3
"set","verb","to put (something) in a specified position","(무언가를) 특정 위치에 두다",2,"to establish or create (a record)","(기록을) 세우다 또는 만들다","Transitions","Easy",1
"sets","verb","to put (something) in a specified place or position","(무언가를) 특정한 장소나 위치에 두다",2,"to establish or fix in a particular state or condition","특정한 상태나 조건에 두다","Transitions","Hard",1
"shape","noun","the external form, contours, or outline of someone or something","누군가 또는 무언가의 외부 형태, 윤곽 또는 윤곽선",2,"a particular form or appearance of something, especially as it relates to artistic expression","무언가의 특정 형태나 외관, 특히 예술적 표현과 관련하여","Transitions","Easy",1
"sheltering","noun","the act of providing protection or refuge","보호 또는 피난을 제공하는 행위",2,"a place that provides protection or refuge","보호 또는 피난을 제공하는 장소","Text Structure and Purpose","Medium",1
"shimmering","verb","to shine with a flickering or wavering light","깜빡이거나 흔들리는 빛으로 빛나다",2,"to move or behave in a way that creates a visual effect resembling waves","파도처럼 보이는 시각적 효과를 만들어내는 방식으로 움직이거나 행동하다","Central Ideas and Details","Easy",1
"show","verb","to cause or allow to be seen","보이게 하다",2,"to demonstrate or indicate","보여주다 또는 나타내다","Inferences","Hard",1
"signal","verb","to make a sound or gesture to convey information","정보를 전달하기 위해 소리나 제스처를 만들다",3,"to indicate or communicate something indirectly","간접적으로 무언가를 나타내거나 전달하다","Command of Evidence","Easy",1
"significance","noun","the quality of being important","중요한 특성",2,"the meaning or interpretation of something","무언가의 의미 또는 해석","Central Ideas and Details | Inferences | Rhetorical Synthesis","Easy | Hard | Medium",3
"significant","adjective","having meaning; important","의미가 있는; 중요한",2,"having a noticeable or important effect; worthy of attention","눈에 띄거나 중요한 영향을 미치는; 주목할 만한","Central Ideas and Details | Command of Evidence","Hard | Medium",2
"signify","verb","to mean; to have as a meaning","의미하다; 의미를 가지다",2,"to represent or indicate","나타내다 또는 지시하다","Cross-Text Connections","Medium",1
"singular","adjective","being one: only one; single","단 하나의, 단수의",2,"of unusual quality: exceptional, remarkable","특별한, 비범한","Words in Context","Medium",1
"sink","verb","to go down below the surface of something (such as a liquid)","액체의 표면 아래로 내려가다",2,"to descend or fall to a lower level","더 낮은 수준으로 내려가다","Transitions","Easy",1
"sisters","noun","female siblings","여성 형제",2,"a group of women or girls who are related or connected in some way","어떤 방식으로든 관련된 여성 또는 소녀의 집단","Boundaries","Medium",1
"situate","verb","to place in a particular spot or position","특정 장소나 위치에 두다",2,"to establish or fix in a particular context or setting","특정 맥락이나 설정에 두다","Words in Context","Hard",1
"slippery","adjective","tending to slip or slide","미끄러지기 쉬운",2,"difficult to hold firmly or stand on due to smoothness","매끄러움으로 인해 단단히 잡거나 서기 어려운","Form, Structure, and Sense","Hard",1
"smoothly","adverb","in a smooth manner","부드럽게",2,"in a way that is free from difficulties or obstacles","어려움이나 장애물 없이","Boundaries","Easy",1
"sold","verb","to transfer (goods) to or render (services) for another in exchange for money","다른 사람에게 돈을 받고 (상품을) 넘기다 또는 (서비스를) 제공하다",2,"to promote or support (an idea or cause)","(아이디어나 원인을) 홍보하거나 지지하다","Transitions","Medium",1
"solitary","adjective","being alone","혼자 있는",2,"living or being alone; not social","혼자 살거나 존재하는; 사회적이지 않은","Command of Evidence","Easy",1
"solve","verb","to find an answer to (a problem or question)","문제나 질문에 대한 답을 찾다",2,"to find a solution or explanation for something","무언가에 대한 해결책이나 설명을 찾다","Boundaries","Hard",1
"some","adjective","a certain number of","어느 정도의",2,"a few or several","몇몇의","Transitions","Easy",1
"source","noun","a person, place, or thing from which something comes or can be obtained","무언가가 오는 곳 또는 얻을 수 있는 사람, 장소 또는 사물",2,"a person or organization that provides information","정보를 제공하는 사람 또는 조직","Words in Context | Boundaries | Command of Evidence","Medium | Easy | Hard",3
"species","noun","a class of individuals having common characteristics and designated by a common name","공통의 특성을 가진 개인의 집단으로, 공통 이름으로 지정됨",2,"a group of living organisms consisting of similar individuals","유사한 개체로 구성된 생물체 그룹","Cross-Text Connections","Easy",1
"split","verb","to divide or separate into parts","부분으로 나누거나 분리하다",2,"to break away from or sever ties with","관계를 끊거나 분리하다","Command of Evidence","Hard",1
"sprayed","verb","to scatter or splash liquid in small drops","액체를 작은 방울로 흩뿌리다",2,"to apply a liquid in a fine mist or layer","액체를 미세한 안개나 층으로 적용하다","Transitions","Easy",1
"stand","verb","to be in an upright position","직립한 상태에 있다",2,"to be located or situated","위치하다","Form, Structure, and Sense","Easy",1
"standard","noun","a level of quality or attainment","품질 또는 성취의 수준",3,"a basis of comparison; a reference point","비교의 기초; 기준점","Cross-Text Connections | Transitions","Easy | Hard",3
"standards","noun","a level of quality or attainment","품질 또는 성취의 수준",2,"a principle or criterion by which something is judged or decided","무언가가 판단되거나 결정되는 원칙 또는 기준","Transitions","Easy",1
"steady","adjective","firmly fixed, supported, or balanced; not shaking or moving","확고하게 고정된, 지지된, 또는 균형 잡힌; 흔들리거나 움직이지 않는",3,"not easily changed or fluctuating; consistent","쉽게 변하지 않거나 변동하지 않는; 일관된","Text Structure and Purpose","Medium",1
"stimuli","noun","something that causes a response or reaction","반응이나 반작용을 일으키는 것",2,"external factors that provoke a response","반응을 유도하는 외부 요인","Words in Context","Hard",1
"strange","adjective","unusual or surprising in a way that is unsettling or hard to understand","불안하거나 이해하기 어려운 방식으로 비정상적이거나 놀라운",3,"not familiar; different from what is normal or expected","익숙하지 않거나 정상 또는 예상과 다른","Inferences","Easy",1
"strengthen","verb","to make stronger or more forceful","더 강하게 하다",2,"to enhance or improve the presence or influence of something","무언가의 존재감이나 영향을 향상시키다","Command of Evidence","Hard",1
"strip","noun","a long, narrow piece of something","무언가의 길고 좁은 조각",2,"a comic strip or a series of illustrations in a newspaper","신문에 실린 만화 또는 일련의 삽화","Text Structure and Purpose","Easy",1
"structure","noun","the arrangement of and relations between the parts or elements of something complex","복잡한 것의 부분 또는 요소 간의 배열 및 관계",2,"a particular arrangement or organization of parts","부분의 특정한 배열 또는 조직","Boundaries | Central Ideas and Details","Hard | Medium",2
"stuck","adjective","unable to move or be moved","움직일 수 없거나 움직일 수 없는",2,"unable to progress or change","진행하거나 변화할 수 없는","Cross-Text Connections","Medium",1
"study","noun","a detailed examination and analysis of a subject","주제에 대한 자세한 조사 및 분석",2,"a report or research on a specific topic","특정 주제에 대한 보고서 또는 연구","Form, Structure, and Sense | Boundaries","Easy | Medium",3
"subjected","verb","to bring under control or domination","지배하거나 통제하기 위해 가져오다",2,"to expose to a particular experience or treatment","특정 경험이나 처치에 노출시키다","Command of Evidence","Medium",1
"substantial","adjective","of considerable importance, size, or worth","상당한 중요성, 크기 또는 가치가 있는",2,"having a firm basis in reality; significant","현실에 확고한 기초가 있는; 중요한","Words in Context","Medium",1
"sued","verb","to bring a legal action against","법적 조치를 취하다",2,"to initiate a lawsuit","소송을 시작하다","Transitions","Medium",1
"sugar","noun","a sweet crystalline substance","달콤한 결정체",2,"a carbohydrate produced by plants during photosynthesis","광합성 동안 식물이 생성하는 탄수화물","Boundaries","Medium",1
"suggest","verb","to mention or introduce (an idea, proposition, plan) for consideration","(아이디어, 제안, 계획 등을) 고려하기 위해 언급하다 또는 소개하다",2,"to propose or recommend something as a course of action","어떤 행동 방침으로 제안하거나 추천하다","Form, Structure, and Sense","Medium",1
"suit","verb","to be appropriate or proper","적합하다",2,"to make suitable or fitting","적합하게 만들다","Rhetorical Synthesis","Medium",1
"superficial","adjective","concerned only with what is obvious or apparent","명백하거나 분명한 것에만 관심이 있는",2,"lacking depth or substance","깊이나 실질이 결여된","Central Ideas and Details","Hard",1
"support","verb","to carry or hold up","지탱하다 또는 지지하다",2,"to provide evidence or justification for","증거 또는 정당성을 제공하다","Transitions | Form, Structure, and Sense | Inferences","Easy | Medium",3
"supportive","adjective","providing support or assistance","지원이나 도움을 제공하는",2,"providing encouragement or emotional help","격려나 정서적 도움을 제공하는","Form, Structure, and Sense","Medium",1
"surprisingly","adverb","in a way that causes surprise","놀라운 방식으로",2,"in a manner that is unexpected or unusual","예상치 못한 방식으로","Words in Context","Medium",1
"survive","verb","to remain alive or in existence","살아남다 또는 존재하다",3,"to continue to live or exist, especially in spite of danger or hardship","위험이나 고난에도 불구하고 계속 살아있거나 존재하다","Words in Context | Command of Evidence | Form, Structure, and Sense","Hard | Easy",3
"suspend","verb","to hang (something) so that it is free on one side","한쪽이 자유롭게 매달리도록 (무언가를) 걸다",2,"to temporarily prevent from continuing or being in force or effect","일시적으로 계속되거나 효력을 발휘하는 것을 방지하다","Form, Structure, and Sense","Easy",1
"sustain","verb","to keep in existence; maintain","존재하게 하다; 유지하다",2,"to provide with nourishment; support","영양을 제공하다; 지원하다","Cross-Text Connections","Medium",1
"sweep","verb","to move with a smooth, continuous motion","부드럽고 연속적인 동작으로 움직이다",2,"to move or pass over something in a smooth motion","부드러운 동작으로 무언가를 지나가다","Form, Structure, and Sense","Easy",1
"swing","noun","a rhythmic movement back and forth or side to side","앞뒤 또는 옆으로의 리드미컬한 움직임",2,"a quality of rhythm or feel in music that evokes movement or dance","움직임이나 춤을 유도하는 음악의 리듬 또는 느낌의 특성","Inferences","Medium",1
"symbol","noun","a visible sign of something","무언가의 가시적인 징후",2,"something that represents or stands for something else","다른 것을 나타내거나 대신하는 것","Command of Evidence | Central Ideas and Details","Hard | Medium",2
"symbolizes","verb","to be a symbol of","상징하다",2,"to represent or convey an idea or quality","아이디어나 품질을 나타내거나 전달하다","Rhetorical Synthesis | Form, Structure, and Sense","Medium",2
"tag","verb","to attach a label to","라벨을 붙이다",2,"to identify or categorize (something)","(무언가를) 식별하거나 분류하다","Transitions","Easy",1
"take","verb","to get into one's possession","소유하다",2,"to assume a particular quality or state","특정한 품질이나 상태를 갖다","Transitions","Easy",1
"target","verb","to aim at something","무언가를 겨냥하다",2,"to focus on or direct efforts towards a specific goal or objective","특정 목표나 목적에 노력을 집중하다","Inferences","Medium",1
"tended","verb","to take care of","돌보다",2,"to pay attention to","주의를 기울이다","Text Structure and Purpose","Medium",1
"term","noun","a word or phrase used to describe a thing or to express a concept","사물이나 개념을 설명하는 데 사용되는 단어 또는 구",2,"a fixed or limited period during which something is done or occurs","무언가가 수행되거나 발생하는 고정되거나 제한된 기간","Transitions | Form, Structure, and Sense","Easy | Medium",2
"then","adverb","at that time; at the time in question","그때; 문제의 시간에",2,"next in order; subsequently","순서상 다음; 그 후에","Transitions","Easy",1
"they","pronoun","used to refer to the people or things previously mentioned or easily identified","앞서 언급되었거나 쉽게 식별할 수 있는 사람이나 사물을 지칭하는 데 사용됨",2,"used to refer to a person or people in a general sense","일반적인 의미에서 사람이나 사람들을 지칭하는 데 사용됨","Form, Structure, and Sense","Easy",1
"thing","noun","a material object","물질적 객체",2,"a particular situation or state of affairs","특정한 상황이나 상태","Boundaries","Hard",1
"though","conjunction","used to introduce a statement that contrasts with or seems to contradict something that has been said previously","이전에 말한 것과 대조되거나 모순되는 진술을 소개하는 데 사용됨",2,"despite the fact that","사실에도 불구하고","Transitions","Hard | Medium",2
"threat","noun","a statement of an intention to inflict pain, injury, or damage","고통, 부상 또는 피해를 가하겠다는 의사를 나타내는 진술",2,"something that could cause harm or danger","해를 끼치거나 위험을 초래할 수 있는 것","Text Structure and Purpose","Medium",1
"thrive","verb","to grow or develop successfully","성공적으로 성장하거나 발전하다",2,"to prosper or flourish in a particular environment","특정 환경에서 번영하거나 번창하다","Central Ideas and Details","Hard | Medium",2
"thriving","adjective","prospering; flourishing","번창하는; 번영하는",2,"growing vigorously; developing well","강하게 성장하는; 잘 발전하는","Central Ideas and Details","Medium",1
"torpor","noun","a state of physical or mental inactivity; lethargy","신체적 또는 정신적 비활동 상태; 무기력",2,"a state of decreased physiological activity, typically during hibernation","일반적으로 겨울잠 동안의 생리적 활동 감소 상태","Command of Evidence","Hard",1
"touch","verb","to come in contact with","접촉하다",2,"to perceive or experience through physical contact","물리적 접촉을 통해 인식하거나 경험하다","Inferences","Easy",1
"toxic","adjective","poisonous","독성의",2,"very harmful or unpleasant in a way that can affect health or well-being","건강이나 복지에 영향을 미칠 수 있는 매우 해롭거나 불쾌한","Cross-Text Connections","Easy",1
"traditionally","adverb","in a way that is based on tradition","전통에 따라",2,"in a manner that reflects long-established practices or customs","오랜 관습이나 전통을 반영하는 방식으로","Transitions","Medium",1
"trait","noun","a distinguishing quality or characteristic, typically one belonging to a person","사람에게 일반적으로 속하는 구별되는 특성 또는 특징",2,"a genetically determined characteristic","유전적으로 결정된 특성","Boundaries","Hard",1
"transcribe","verb","to make a written copy of","서면 복사하다",2,"to write down or record (especially in a different format)","(특히 다른 형식으로) 적거나 기록하다","Central Ideas and Details","Medium",1
"transfer","verb","to move from one place to another","한 장소에서 다른 장소로 이동하다",2,"to convey or pass on (something) to another","(무언가를) 다른 사람에게 전달하다","Text Structure and Purpose","Medium",1
"transform","verb","to change in form, appearance, or structure","형태, 외관 또는 구조를 변경하다",2,"to change in a significant or fundamental way","중요하거나 근본적인 방식으로 변경하다","Central Ideas and Details | Form, Structure, and Sense","Hard | Medium",2
"transforming","verb","to change in form, appearance, or structure","형태, 외관 또는 구조를 변경하다",2,"to change or convert into a different state or condition","다른 상태나 조건으로 변경하거나 전환하다","Words in Context","Hard",1
"transmit","verb","to send or convey from one person or place to another","한 사람이나 장소에서 다른 사람이나 장소로 보내거나 전달하다",2,"to communicate or pass on (knowledge, culture, etc.)","(지식, 문화 등을) 전달하다","Command of Evidence","Hard",1
"transport","noun","the act of moving something from one place to another","무언가를 한 장소에서 다른 장소로 옮기는 행위",2,"the process of conveying or carrying materials, especially in a geological context","특히 지질학적 맥락에서 물질을 전달하거나 운반하는 과정","Text Structure and Purpose","Easy",1
"trap","noun","a device for capturing animals","동물을 잡기 위한 장치",2,"a situation or condition that is difficult to escape from","탈출하기 어려운 상황이나 조건","Inferences | Boundaries | Central Ideas and Details","Easy | Hard | Medium",4
"trapped","adjective","caught in a trap","덫에 걸린",3,"confined or restricted in a way that limits freedom","자유를 제한하는 방식으로 제한되거나 구속된","Central Ideas and Details","Hard",1
"triple","verb","to make three times as great or as many","세 배로 만들다",2,"to increase threefold","세 배로 증가하다","Form, Structure, and Sense","Hard",1
"try","verb","to make an attempt or effort to do something","무언가를 하려고 시도하다",2,"to test or experiment with something","무언가를 시험하거나 실험하다","Boundaries","Medium",1
"type","verb","to write using a keyboard or typewriter","키보드나 타자기를 사용하여 쓰다",2,"to be a particular kind or category of something","어떤 것의 특정 종류 또는 범주가 되다","Form, Structure, and Sense","Medium",1
"typical","adjective","having the distinctive qualities of a particular type of person or thing","특정 유형의 사람이나 사물의 독특한 특성을 가진",2,"commonly occurring; usual","일반적으로 발생하는; 보통의","Words in Context","Medium",1
"unanimity","noun","the quality or state of being unanimous","만장일치의 상태",2,"agreement by all people involved","모든 관련자의 동의","Central Ideas and Details","Hard",1
"underestimated","verb","to estimate at too low a value, rate, or the like","너무 낮은 가치, 비율 또는 그와 같은 것으로 추정하다",2,"to judge (something) to be less than it actually is","(무언가를) 실제보다 덜 평가하다","Inferences","Hard",1
"undermine","verb","to weaken or damage something, especially gradually","무언가를 약화시키거나 손상시키다, 특히 점진적으로",2,"to challenge or question the validity of something","무언가의 유효성을 도전하거나 의문을 제기하다","Words in Context","Hard",1
"unearth","verb","to dig or remove from the ground","땅에서 파내다",2,"to discover or bring to light","발견하다 또는 드러내다","Boundaries","Easy",1
"unexceptionable","adjective","not open to objection; flawless","이의 제기할 수 없는; 결점 없는",2,"acceptable; not likely to cause criticism","수용 가능한; 비판을 받을 가능성이 없는","Text Structure and Purpose","Hard",1
"unified","adjective","formed or united into a whole","하나로 형성되거나 통합된",2,"having a consistent or coherent approach","일관되거나 일치하는 접근 방식을 가진","Words in Context","Hard",1
"unifying","verb","to make or become one","하나로 만들다 또는 하나가 되다",2,"to bring together or combine different elements","다양한 요소를 결합하거나 모으다","Command of Evidence","Medium",1
"unique","adjective","being the only one of its kind","유일한",2,"having no equal or equivalent","동등한 것이 없는","Rhetorical Synthesis","Medium",1
"upon","preposition","on or onto","~위에",2,"at the time of; immediately after","~할 때; 바로 후에","Form, Structure, and Sense","Hard",1
"urbanism","noun","a way of life characteristic of city dwellers","도시 거주자의 특징적인 생활 방식",2,"the study or practice of city planning and development","도시 계획 및 개발에 대한 연구 또는 실천","Command of Evidence","Hard",1
"use","verb","to put into action or service","행동이나 서비스에 사용하다",2,"to employ for a particular purpose","특정 목적을 위해 사용하다","Form, Structure, and Sense | Cross-Text Connections | Rhetorical Synthesis | Inferences","Easy | Medium",4
"useful","adjective","having a practical or beneficial use","실용적이거나 유익한 용도가 있는",2,"capable of being put to use; serving a purpose","사용될 수 있는; 목적에 부합하는","Text Structure and Purpose","Easy | Medium",2
"value","noun","the monetary worth of something","무언가의 금전적 가치",2,"the importance, worth, or usefulness of something","무언가의 중요성, 가치 또는 유용성","Boundaries","Easy",1
"variable","adjective","able to be changed or adapted","변경 가능하거나 적응할 수 있는",2,"subject to variation or change","변화나 변동의 영향을 받는","Words in Context","Hard",1
"varied","adjective","marked by diversity or difference","다양성이나 차이가 있는",2,"differing in form, character, or quality","형태, 성격 또는 품질이 다른","Words in Context","Hard",1
"veil","noun","a piece of fine material worn by women to protect or conceal the face","여성이 얼굴을 보호하거나 가리기 위해 착용하는 얇은 소재",2,"something that covers, conceals, or disguises","덮거나 숨기거나 변 disguise하는 것","Text Structure and Purpose","Medium",1
"viable","adjective","capable of living","살 수 있는",2,"capable of working successfully; feasible","성공적으로 작동할 수 있는; 실행 가능한","Command of Evidence","Hard",1
"view","verb","to look at or inspect","보다",2,"to regard in a particular way","특정한 방식으로 간주하다","Inferences","Medium",1
"visible","adjective","capable of being seen","보여질 수 있는",2,"easily noticed or recognized","쉽게 알아차리거나 인식되는","Cross-Text Connections | Transitions","Easy | Hard",2
"visit","noun","an act of going to see someone or something","누군가 또는 무언가를 보러 가는 행위",2,"a social call or engagement","사교적인 방문이나 약속","Central Ideas and Details","Easy",1
"void","noun","a completely empty space","완전히 비어 있는 공간",2,"a state of emptiness or lack","공허함 또는 결여 상태","Central Ideas and Details","Easy",1
"vow","noun","a solemn promise","엄숙한 약속",2,"a determination to do something","무언가를 하겠다는 결심","Form, Structure, and Sense","Easy",1
"wake","noun","the trail of disturbed water left by a boat or other object moving through water","배나 다른 물체가 물을 지나갈 때 남기는 방해된 물의 흔적",2,"the waves or movement created by a moving object, especially in water","특히 물에서 움직이는 물체에 의해 생성된 파도나 움직임","Rhetorical Synthesis","Hard",1
"weaken","verb","to make or become weak","약하게 하다",2,"to diminish in strength or effectiveness","힘이나 효과를 줄이다","Inferences","Medium",1
"weigh","verb","to measure the weight of (something)","(무엇인가의) 무게를 재다",2,"to have a specified weight","특정한 무게를 가지다","Boundaries","Hard",1
"weighed","verb","to measure the weight of","무게를 측정하다",3,"to consider or evaluate","고려하다 또는 평가하다","Text Structure and Purpose","Easy",1
"weight","noun","the amount that something weighs","무게",2,"a force exerted by a mass under the influence of gravity","중력의 영향을 받는 질량에 의해 가해지는 힘","Boundaries","Hard",1
"wild","adjective","living or growing in the natural environment; not domesticated or cultivated","자연 환경에서 자생하는; 길들여지지 않거나 재배되지 않은",2,"intensely enthusiastic or excited","강렬하게 열정적이거나 흥분한","Text Structure and Purpose","Medium",1
"win","verb","to achieve victory in a contest or competition","경쟁이나 대회에서 승리하다",2,"to achieve a desired outcome or success in a broader context","더 넓은 맥락에서 원하는 결과나 성공을 달성하다","Boundaries","Medium",1
"with","preposition","accompanied by","~와 함께",2,"by means of","~의 수단으로","Boundaries","Medium",1
"withstand","verb","to stand up against; resist","저항하다",2,"to endure or survive","견디다 또는 생존하다","Form, Structure, and Sense","Easy",1
"wobble","verb","to move unsteadily from side to side","좌우로 불안정하게 움직이다",2,"to oscillate or fluctuate","진동하거나 변동하다","Central Ideas and Details","Easy",1
"work","noun","the exertion of physical or mental energy","신체적 또는 정신적 에너지의 발휘",2,"a product or result of effort or activity","노력이나 활동의 결과물 또는 성과","Form, Structure, and Sense","Easy",2
"worth","adjective","having a specified value","특정한 가치를 가진",3,"having significance or importance","중요성이나 의미가 있는","Text Structure and Purpose","Medium",1
"yield","verb","to give up possession or control of something","무언가의 소유권이나 통제를 포기하다",2,"to produce or provide (a natural resource)","(자연 자원을) 생산하거나 제공하다","Text Structure and Purpose","Hard",1